2025-05-01 07:12:14,693 - screen_capture - INFO - Screen capture initialized
2025-05-01 07:12:14,712 - game_state - INFO - Loaded client template 1 from resources
2025-05-01 07:12:14,732 - game_state - INFO - Loaded client template 2 from resources
2025-05-01 07:12:14,753 - game_state - INFO - Loaded client template 3 from resources
2025-05-01 07:12:14,774 - game_state - INFO - Loaded client template 4 from resources
2025-05-01 07:12:14,795 - game_state - INFO - Loaded client template 5 from resources
2025-05-01 07:12:14,795 - game_state - INFO - Loaded 5 client templates
2025-05-01 07:12:14,795 - game_state - INFO - Template client1 size: 1536x960
2025-05-01 07:12:14,795 - game_state - INFO - Template client2 size: 1536x960
2025-05-01 07:12:14,795 - game_state - INFO - Template client3 size: 1536x960
2025-05-01 07:12:14,796 - game_state - INFO - Template client4 size: 1536x960
2025-05-01 07:12:14,796 - game_state - INFO - Template client5 size: 1536x960
2025-05-01 07:12:14,796 - game_state - INFO - Game state detector initialized
2025-05-01 07:12:14,796 - game_state - INFO - Window title detection is enabled
2025-05-01 07:12:14,796 - hand_analyzer - INFO - Hand analyzer initialized
2025-05-01 07:12:14,796 - decision_maker - INFO - Decision maker initialized (aggression: 0.50, bluff frequency: 0.10)
2025-05-01 07:12:14,815 - bet_placer - INFO - Loaded client template 1 for button detection
2025-05-01 07:12:14,835 - bet_placer - INFO - Loaded client template 2 for button detection
2025-05-01 07:12:14,855 - bet_placer - INFO - Loaded client template 3 for button detection
2025-05-01 07:12:14,875 - bet_placer - INFO - Loaded client template 4 for button detection
2025-05-01 07:12:14,896 - bet_placer - INFO - Loaded client template 5 for button detection
2025-05-01 07:12:14,897 - bet_placer - INFO - Bet placer initialized
2025-05-01 07:12:14,897 - __main__ - INFO - Poker Bot initialized
2025-05-01 07:12:14,897 - __main__ - INFO - Starting poker bot calibration
2025-05-01 07:12:14,898 - bet_placer - INFO - Starting button calibration
2025-05-01 07:12:14,898 - bet_placer - INFO - Attempting automatic button calibration
2025-05-01 07:12:14,898 - screen_capture - INFO - Screen capture initialized
2025-05-01 07:12:15,761 - bet_placer - WARNING - Could not match any client template
2025-05-01 07:12:15,762 - bet_placer - INFO - Starting interactive button calibration
2025-05-01 07:12:22,261 - bet_placer - INFO - Set fold button at (1433, 1348)
2025-05-01 07:12:22,567 - bet_placer - INFO - Set check and call button at (1433, 1348)
2025-05-01 07:12:22,805 - bet_placer - INFO - Set bet and raise button at (1433, 1348)
2025-05-01 07:12:23,108 - bet_placer - INFO - Set bet_input button at (1433, 1348)
2025-05-01 07:12:23,573 - bet_placer - INFO - Set confirm button at (1433, 1348)
2025-05-01 07:12:23,574 - __main__ - INFO - Poker Bot started
2025-05-01 07:12:23,623 - game_state - INFO - Screenshot size: 2560x1600
2025-05-01 07:12:23,625 - game_state - INFO - Target window 'NL Hold' found and visible
2025-05-01 07:12:23,625 - game_state - INFO - Poker window detected by window title
2025-05-01 07:12:23,626 - game_state - INFO - [CARD DEBUG] Screenshot size: 2560x1600
2025-05-01 07:12:23,626 - game_state - INFO - [CARD DEBUG] Player card ROI: x=768, y=960, width=512, height=160
2025-05-01 07:12:23,634 - game_state - INFO - [CARD DEBUG] Found 0 potential card contours
2025-05-01 07:12:23,634 - game_state - INFO - [CARD DEBUG] Total card-like contours found: 0
2025-05-01 07:12:23,709 - game_state - INFO - [CARD DEBUG] Saved debug image to C:\GitRepositories\poker\debug\player_cards_debug_1746076343.png
2025-05-01 07:12:23,710 - game_state - INFO - [CARD DEBUG] Saved card mask to C:\GitRepositories\poker\debug\player_cards_mask_1746076343.png
2025-05-01 07:12:24,102 - game_state - INFO - Saved dealer button debug image to C:\GitRepositories\poker\debug\dealer_button_1746076344.png
2025-05-01 07:12:24,102 - game_state - INFO - Detected position: middle (dealer in middle)
2025-05-01 07:12:24,111 - game_state - INFO - Saved turn detection debug image to C:\GitRepositories\poker\debug\turn_detection_1746076344.png
2025-05-01 07:12:24,118 - game_state - INFO - Saved turn detection debug image to C:\GitRepositories\poker\debug\turn_detection_1746076344.png
2025-05-01 07:12:24,119 - game_state - INFO - Game state detected: 0 player cards, 0 community cards, pot: 0.0, is_our_turn: False
2025-05-01 07:12:24,119 - hand_analyzer - WARNING - Cannot analyze hand: No player cards detected
2025-05-01 07:12:24,119 - decision_maker - WARNING - Asked to make decision but it's not our turn
2025-05-01 07:12:24,119 - bet_placer - INFO - Executing action: check
2025-05-01 07:12:25,790 - bet_placer - INFO - Clicked check button at (1434.0688627714303, 1350.713158286047)
2025-05-01 07:12:27,840 - game_state - INFO - Screenshot size: 2560x1600
2025-05-01 07:12:27,841 - game_state - INFO - Target window 'NL Hold' found and visible
2025-05-01 07:12:27,841 - game_state - INFO - Poker window detected by window title
2025-05-01 07:12:27,841 - game_state - INFO - [CARD DEBUG] Screenshot size: 2560x1600
2025-05-01 07:12:27,841 - game_state - INFO - [CARD DEBUG] Player card ROI: x=768, y=960, width=512, height=160
2025-05-01 07:12:27,842 - game_state - INFO - [CARD DEBUG] Found 0 potential card contours
2025-05-01 07:12:27,843 - game_state - INFO - [CARD DEBUG] Total card-like contours found: 0
2025-05-01 07:12:27,917 - game_state - INFO - [CARD DEBUG] Saved debug image to C:\GitRepositories\poker\debug\player_cards_debug_1746076347.png
2025-05-01 07:12:27,918 - game_state - INFO - [CARD DEBUG] Saved card mask to C:\GitRepositories\poker\debug\player_cards_mask_1746076347.png
2025-05-01 07:12:28,233 - game_state - INFO - Saved turn detection debug image to C:\GitRepositories\poker\debug\turn_detection_1746076348.png
2025-05-01 07:12:28,241 - game_state - INFO - Saved turn detection debug image to C:\GitRepositories\poker\debug\turn_detection_1746076348.png
2025-05-01 07:12:28,241 - game_state - INFO - Game state detected: 0 player cards, 0 community cards, pot: 0.0, is_our_turn: False
2025-05-01 07:12:28,242 - hand_analyzer - WARNING - Cannot analyze hand: No player cards detected
2025-05-01 07:12:28,242 - decision_maker - WARNING - Asked to make decision but it's not our turn
2025-05-01 07:12:28,242 - bet_placer - INFO - Executing action: check
2025-05-01 07:12:29,910 - bet_placer - INFO - Clicked check button at (1428.6473406762466, 1350.0936651319566)
2025-05-01 07:12:31,978 - game_state - INFO - Screenshot size: 2560x1600
2025-05-01 07:12:31,980 - game_state - INFO - Target window 'NL Hold' found and visible
2025-05-01 07:12:31,980 - game_state - INFO - Poker window detected by window title
2025-05-01 07:12:31,980 - game_state - INFO - [CARD DEBUG] Screenshot size: 2560x1600
2025-05-01 07:12:31,981 - game_state - INFO - [CARD DEBUG] Player card ROI: x=768, y=960, width=512, height=160
2025-05-01 07:12:31,983 - game_state - INFO - [CARD DEBUG] Found 14 potential card contours
2025-05-01 07:12:31,983 - game_state - INFO - [CARD DEBUG] Contour area: 0.0, min: 2457.6, max: 24576.0
2025-05-01 07:12:31,983 - game_state - INFO - [CARD DEBUG] Contour area: 37.0, min: 2457.6, max: 24576.0
2025-05-01 07:12:31,984 - game_state - INFO - [CARD DEBUG] Contour area: 0.0, min: 2457.6, max: 24576.0
2025-05-01 07:12:31,984 - game_state - INFO - [CARD DEBUG] Contour area: 6.0, min: 2457.6, max: 24576.0
2025-05-01 07:12:31,984 - game_state - INFO - [CARD DEBUG] Contour area: 15.5, min: 2457.6, max: 24576.0
2025-05-01 07:12:31,984 - game_state - INFO - [CARD DEBUG] Contour area: 52.0, min: 2457.6, max: 24576.0
2025-05-01 07:12:31,985 - game_state - INFO - [CARD DEBUG] Contour area: 1434.5, min: 2457.6, max: 24576.0
2025-05-01 07:12:31,985 - game_state - INFO - [CARD DEBUG] Contour area: 0.0, min: 2457.6, max: 24576.0
2025-05-01 07:12:31,985 - game_state - INFO - [CARD DEBUG] Contour area: 26.0, min: 2457.6, max: 24576.0
2025-05-01 07:12:31,985 - game_state - INFO - [CARD DEBUG] Contour area: 46.5, min: 2457.6, max: 24576.0
2025-05-01 07:12:31,986 - game_state - INFO - [CARD DEBUG] Contour area: 17.0, min: 2457.6, max: 24576.0
2025-05-01 07:12:31,986 - game_state - INFO - [CARD DEBUG] Contour area: 1141.5, min: 2457.6, max: 24576.0
2025-05-01 07:12:31,986 - game_state - INFO - [CARD DEBUG] Contour area: 12043.0, min: 2457.6, max: 24576.0
2025-05-01 07:12:31,986 - game_state - INFO - [CARD DEBUG] Contour aspect ratio: 0.8931297709923665
2025-05-01 07:12:32,102 - game_state - INFO - [CARD DEBUG] Detected player card: 4d
2025-05-01 07:12:32,103 - game_state - INFO - [CARD DEBUG] Contour area: 7656.5, min: 2457.6, max: 24576.0
2025-05-01 07:12:32,103 - game_state - INFO - [CARD DEBUG] Contour aspect ratio: 0.9621212121212122
2025-05-01 07:12:32,212 - game_state - INFO - [CARD DEBUG] Failed to identify card rank/suit
2025-05-01 07:12:32,212 - game_state - INFO - [CARD DEBUG] Total card-like contours found: 2
2025-05-01 07:12:32,339 - game_state - INFO - [CARD DEBUG] Saved debug image to C:\GitRepositories\poker\debug\player_cards_debug_1746076352.png
2025-05-01 07:12:32,341 - game_state - INFO - [CARD DEBUG] Saved card mask to C:\GitRepositories\poker\debug\player_cards_mask_1746076352.png
2025-05-01 07:12:32,452 - game_state - INFO - Detected pot size: $0.05
2025-05-01 07:12:32,456 - game_state - INFO - Saved pot size debug image to C:\GitRepositories\poker\debug\pot_size_1746076352.png
2025-05-01 07:12:32,726 - game_state - INFO - Saved dealer button debug image to C:\GitRepositories\poker\debug\dealer_button_1746076352.png
2025-05-01 07:12:32,727 - game_state - INFO - Detected position: late (dealer on left)
2025-05-01 07:12:32,741 - game_state - INFO - Saved turn detection debug image to C:\GitRepositories\poker\debug\turn_detection_1746076352.png
2025-05-01 07:12:32,755 - game_state - INFO - Saved turn detection debug image to C:\GitRepositories\poker\debug\turn_detection_1746076352.png
2025-05-01 07:12:32,756 - game_state - INFO - Game state detected: 1 player cards, 0 community cards, pot: 0.05, is_our_turn: False
2025-05-01 07:12:32,756 - hand_analyzer - INFO - Hand analysis: incomplete (strength: 0.00, win probability: 0.00%)
2025-05-01 07:12:32,757 - decision_maker - WARNING - Asked to make decision but it's not our turn
2025-05-01 07:12:32,757 - bet_placer - INFO - Executing action: check
2025-05-01 07:12:34,422 - bet_placer - INFO - Clicked check button at (1428.5761772890855, 1345.8002432263365)
2025-05-01 07:12:36,491 - game_state - INFO - Screenshot size: 2560x1600
2025-05-01 07:12:36,492 - game_state - INFO - Target window 'NL Hold' found and visible
2025-05-01 07:12:36,492 - game_state - INFO - Poker window detected by window title
2025-05-01 07:12:36,492 - game_state - INFO - [CARD DEBUG] Screenshot size: 2560x1600
2025-05-01 07:12:36,493 - game_state - INFO - [CARD DEBUG] Player card ROI: x=768, y=960, width=512, height=160
2025-05-01 07:12:36,495 - game_state - INFO - [CARD DEBUG] Found 14 potential card contours
2025-05-01 07:12:36,495 - game_state - INFO - [CARD DEBUG] Contour area: 0.0, min: 2457.6, max: 24576.0
2025-05-01 07:12:36,495 - game_state - INFO - [CARD DEBUG] Contour area: 37.0, min: 2457.6, max: 24576.0
2025-05-01 07:12:36,496 - game_state - INFO - [CARD DEBUG] Contour area: 0.0, min: 2457.6, max: 24576.0
2025-05-01 07:12:36,496 - game_state - INFO - [CARD DEBUG] Contour area: 6.0, min: 2457.6, max: 24576.0
2025-05-01 07:12:36,496 - game_state - INFO - [CARD DEBUG] Contour area: 15.5, min: 2457.6, max: 24576.0
2025-05-01 07:12:36,496 - game_state - INFO - [CARD DEBUG] Contour area: 52.0, min: 2457.6, max: 24576.0
2025-05-01 07:12:36,497 - game_state - INFO - [CARD DEBUG] Contour area: 1434.5, min: 2457.6, max: 24576.0
2025-05-01 07:12:36,497 - game_state - INFO - [CARD DEBUG] Contour area: 0.0, min: 2457.6, max: 24576.0
2025-05-01 07:12:36,497 - game_state - INFO - [CARD DEBUG] Contour area: 26.0, min: 2457.6, max: 24576.0
2025-05-01 07:12:36,497 - game_state - INFO - [CARD DEBUG] Contour area: 46.5, min: 2457.6, max: 24576.0
2025-05-01 07:12:36,497 - game_state - INFO - [CARD DEBUG] Contour area: 17.0, min: 2457.6, max: 24576.0
2025-05-01 07:12:36,498 - game_state - INFO - [CARD DEBUG] Contour area: 1141.5, min: 2457.6, max: 24576.0
2025-05-01 07:12:36,498 - game_state - INFO - [CARD DEBUG] Contour area: 12043.0, min: 2457.6, max: 24576.0
2025-05-01 07:12:36,498 - game_state - INFO - [CARD DEBUG] Contour aspect ratio: 0.8931297709923665
2025-05-01 07:12:36,601 - game_state - INFO - [CARD DEBUG] Detected player card: 4d
2025-05-01 07:12:36,602 - game_state - INFO - [CARD DEBUG] Contour area: 7656.5, min: 2457.6, max: 24576.0
2025-05-01 07:12:36,602 - game_state - INFO - [CARD DEBUG] Contour aspect ratio: 0.9621212121212122
2025-05-01 07:12:36,706 - game_state - INFO - [CARD DEBUG] Failed to identify card rank/suit
2025-05-01 07:12:36,706 - game_state - INFO - [CARD DEBUG] Total card-like contours found: 2
2025-05-01 07:12:36,835 - game_state - INFO - [CARD DEBUG] Saved debug image to C:\GitRepositories\poker\debug\player_cards_debug_1746076356.png
2025-05-01 07:12:36,837 - game_state - INFO - [CARD DEBUG] Saved card mask to C:\GitRepositories\poker\debug\player_cards_mask_1746076356.png
2025-05-01 07:12:36,947 - game_state - INFO - Detected pot size: $0.05
2025-05-01 07:12:36,950 - game_state - INFO - Saved pot size debug image to C:\GitRepositories\poker\debug\pot_size_1746076356.png
2025-05-01 07:12:37,200 - game_state - INFO - Saved dealer button debug image to C:\GitRepositories\poker\debug\dealer_button_1746076357.png
2025-05-01 07:12:37,201 - game_state - INFO - Detected position: late (dealer on left)
2025-05-01 07:12:37,217 - game_state - INFO - Saved turn detection debug image to C:\GitRepositories\poker\debug\turn_detection_1746076357.png
2025-05-01 07:12:37,231 - game_state - INFO - Saved turn detection debug image to C:\GitRepositories\poker\debug\turn_detection_1746076357.png
2025-05-01 07:12:37,232 - game_state - INFO - Game state detected: 1 player cards, 0 community cards, pot: 0.05, is_our_turn: False
2025-05-01 07:12:37,232 - hand_analyzer - INFO - Hand analysis: incomplete (strength: 0.00, win probability: 0.00%)
2025-05-01 07:12:37,233 - decision_maker - WARNING - Asked to make decision but it's not our turn
2025-05-01 07:12:37,233 - bet_placer - INFO - Executing action: check
2025-05-01 07:12:38,902 - bet_placer - INFO - Clicked check button at (1433.4665784352885, 1350.326595786871)
2025-05-01 07:12:40,966 - game_state - INFO - Screenshot size: 2560x1600
2025-05-01 07:12:40,967 - game_state - INFO - Target window 'NL Hold' found and visible
2025-05-01 07:12:40,967 - game_state - INFO - Poker window detected by window title
2025-05-01 07:12:40,967 - game_state - INFO - [CARD DEBUG] Screenshot size: 2560x1600
2025-05-01 07:12:40,968 - game_state - INFO - [CARD DEBUG] Player card ROI: x=768, y=960, width=512, height=160
2025-05-01 07:12:40,970 - game_state - INFO - [CARD DEBUG] Found 14 potential card contours
2025-05-01 07:12:40,970 - game_state - INFO - [CARD DEBUG] Contour area: 0.0, min: 2457.6, max: 24576.0
2025-05-01 07:12:40,970 - game_state - INFO - [CARD DEBUG] Contour area: 37.0, min: 2457.6, max: 24576.0
2025-05-01 07:12:40,971 - game_state - INFO - [CARD DEBUG] Contour area: 0.0, min: 2457.6, max: 24576.0
2025-05-01 07:12:40,971 - game_state - INFO - [CARD DEBUG] Contour area: 6.0, min: 2457.6, max: 24576.0
2025-05-01 07:12:40,971 - game_state - INFO - [CARD DEBUG] Contour area: 15.5, min: 2457.6, max: 24576.0
2025-05-01 07:12:40,971 - game_state - INFO - [CARD DEBUG] Contour area: 52.0, min: 2457.6, max: 24576.0
2025-05-01 07:12:40,971 - game_state - INFO - [CARD DEBUG] Contour area: 1434.5, min: 2457.6, max: 24576.0
2025-05-01 07:12:40,972 - game_state - INFO - [CARD DEBUG] Contour area: 0.0, min: 2457.6, max: 24576.0
2025-05-01 07:12:40,972 - game_state - INFO - [CARD DEBUG] Contour area: 26.0, min: 2457.6, max: 24576.0
2025-05-01 07:12:40,972 - game_state - INFO - [CARD DEBUG] Contour area: 46.5, min: 2457.6, max: 24576.0
2025-05-01 07:12:40,972 - game_state - INFO - [CARD DEBUG] Contour area: 17.0, min: 2457.6, max: 24576.0
2025-05-01 07:12:40,972 - game_state - INFO - [CARD DEBUG] Contour area: 1141.5, min: 2457.6, max: 24576.0
2025-05-01 07:12:40,973 - game_state - INFO - [CARD DEBUG] Contour area: 12043.0, min: 2457.6, max: 24576.0
2025-05-01 07:12:40,973 - game_state - INFO - [CARD DEBUG] Contour aspect ratio: 0.8931297709923665
2025-05-01 07:12:41,077 - game_state - INFO - [CARD DEBUG] Detected player card: 4d
2025-05-01 07:12:41,077 - game_state - INFO - [CARD DEBUG] Contour area: 7656.5, min: 2457.6, max: 24576.0
2025-05-01 07:12:41,077 - game_state - INFO - [CARD DEBUG] Contour aspect ratio: 0.9621212121212122
2025-05-01 07:12:41,178 - game_state - INFO - [CARD DEBUG] Failed to identify card rank/suit
2025-05-01 07:12:41,179 - game_state - INFO - [CARD DEBUG] Total card-like contours found: 2
2025-05-01 07:12:41,306 - game_state - INFO - [CARD DEBUG] Saved debug image to C:\GitRepositories\poker\debug\player_cards_debug_1746076361.png
2025-05-01 07:12:41,308 - game_state - INFO - [CARD DEBUG] Saved card mask to C:\GitRepositories\poker\debug\player_cards_mask_1746076361.png
2025-05-01 07:12:41,413 - game_state - INFO - Detected pot size: $0.05
2025-05-01 07:12:41,417 - game_state - INFO - Saved pot size debug image to C:\GitRepositories\poker\debug\pot_size_1746076361.png
2025-05-01 07:12:41,673 - game_state - INFO - Saved dealer button debug image to C:\GitRepositories\poker\debug\dealer_button_1746076361.png
2025-05-01 07:12:41,674 - game_state - INFO - Detected position: late (dealer on left)
2025-05-01 07:12:41,687 - game_state - INFO - Saved turn detection debug image to C:\GitRepositories\poker\debug\turn_detection_1746076361.png
2025-05-01 07:12:41,698 - game_state - INFO - Saved turn detection debug image to C:\GitRepositories\poker\debug\turn_detection_1746076361.png
2025-05-01 07:12:41,699 - game_state - INFO - Game state detected: 1 player cards, 0 community cards, pot: 0.05, is_our_turn: False
2025-05-01 07:12:41,699 - hand_analyzer - INFO - Hand analysis: incomplete (strength: 0.00, win probability: 0.00%)
2025-05-01 07:12:41,700 - decision_maker - WARNING - Asked to make decision but it's not our turn
2025-05-01 07:12:41,700 - bet_placer - INFO - Executing action: check
2025-05-01 07:12:43,369 - bet_placer - INFO - Clicked check button at (1434.369772708334, 1346.5276853926332)
2025-05-01 07:12:45,433 - game_state - INFO - Screenshot size: 2560x1600
2025-05-01 07:12:45,435 - game_state - INFO - Target window 'NL Hold' found and visible
2025-05-01 07:12:45,435 - game_state - INFO - Poker window detected by window title
2025-05-01 07:12:45,435 - game_state - INFO - [CARD DEBUG] Screenshot size: 2560x1600
2025-05-01 07:12:45,435 - game_state - INFO - [CARD DEBUG] Player card ROI: x=768, y=960, width=512, height=160
2025-05-01 07:12:45,438 - game_state - INFO - [CARD DEBUG] Found 14 potential card contours
2025-05-01 07:12:45,438 - game_state - INFO - [CARD DEBUG] Contour area: 0.0, min: 2457.6, max: 24576.0
2025-05-01 07:12:45,438 - game_state - INFO - [CARD DEBUG] Contour area: 37.0, min: 2457.6, max: 24576.0
2025-05-01 07:12:45,439 - game_state - INFO - [CARD DEBUG] Contour area: 0.0, min: 2457.6, max: 24576.0
2025-05-01 07:12:45,439 - game_state - INFO - [CARD DEBUG] Contour area: 6.0, min: 2457.6, max: 24576.0
2025-05-01 07:12:45,439 - game_state - INFO - [CARD DEBUG] Contour area: 15.5, min: 2457.6, max: 24576.0
2025-05-01 07:12:45,439 - game_state - INFO - [CARD DEBUG] Contour area: 52.0, min: 2457.6, max: 24576.0
2025-05-01 07:12:45,440 - game_state - INFO - [CARD DEBUG] Contour area: 1434.5, min: 2457.6, max: 24576.0
2025-05-01 07:12:45,440 - game_state - INFO - [CARD DEBUG] Contour area: 0.0, min: 2457.6, max: 24576.0
2025-05-01 07:12:45,440 - game_state - INFO - [CARD DEBUG] Contour area: 26.0, min: 2457.6, max: 24576.0
2025-05-01 07:12:45,441 - game_state - INFO - [CARD DEBUG] Contour area: 46.5, min: 2457.6, max: 24576.0
2025-05-01 07:12:45,441 - game_state - INFO - [CARD DEBUG] Contour area: 17.0, min: 2457.6, max: 24576.0
2025-05-01 07:12:45,441 - game_state - INFO - [CARD DEBUG] Contour area: 1141.5, min: 2457.6, max: 24576.0
2025-05-01 07:12:45,441 - game_state - INFO - [CARD DEBUG] Contour area: 12043.0, min: 2457.6, max: 24576.0
2025-05-01 07:12:45,441 - game_state - INFO - [CARD DEBUG] Contour aspect ratio: 0.8931297709923665
2025-05-01 07:12:45,541 - game_state - INFO - [CARD DEBUG] Detected player card: 4d
2025-05-01 07:12:45,541 - game_state - INFO - [CARD DEBUG] Contour area: 7656.5, min: 2457.6, max: 24576.0
2025-05-01 07:12:45,541 - game_state - INFO - [CARD DEBUG] Contour aspect ratio: 0.9621212121212122
2025-05-01 07:12:45,644 - game_state - INFO - [CARD DEBUG] Failed to identify card rank/suit
2025-05-01 07:12:45,645 - game_state - INFO - [CARD DEBUG] Total card-like contours found: 2
2025-05-01 07:12:45,769 - game_state - INFO - [CARD DEBUG] Saved debug image to C:\GitRepositories\poker\debug\player_cards_debug_1746076365.png
2025-05-01 07:12:45,771 - game_state - INFO - [CARD DEBUG] Saved card mask to C:\GitRepositories\poker\debug\player_cards_mask_1746076365.png
2025-05-01 07:12:45,883 - game_state - INFO - Detected pot size: $0.11
2025-05-01 07:12:45,887 - game_state - INFO - Saved pot size debug image to C:\GitRepositories\poker\debug\pot_size_1746076365.png
2025-05-01 07:12:46,147 - game_state - INFO - Saved dealer button debug image to C:\GitRepositories\poker\debug\dealer_button_1746076366.png
2025-05-01 07:12:46,148 - game_state - INFO - Detected position: late (dealer on left)
2025-05-01 07:12:46,160 - game_state - INFO - Saved turn detection debug image to C:\GitRepositories\poker\debug\turn_detection_1746076366.png
2025-05-01 07:12:46,172 - game_state - INFO - Saved turn detection debug image to C:\GitRepositories\poker\debug\turn_detection_1746076366.png
2025-05-01 07:12:46,174 - game_state - INFO - Game state detected: 1 player cards, 0 community cards, pot: 0.11, is_our_turn: False
2025-05-01 07:12:46,174 - hand_analyzer - INFO - Hand analysis: incomplete (strength: 0.00, win probability: 0.00%)
2025-05-01 07:12:46,174 - decision_maker - WARNING - Asked to make decision but it's not our turn
2025-05-01 07:12:46,174 - bet_placer - INFO - Executing action: check
2025-05-01 07:12:47,840 - bet_placer - INFO - Clicked check button at (1437.1048400176185, 1349.4218768446271)
2025-05-01 07:12:49,904 - game_state - INFO - Screenshot size: 2560x1600
2025-05-01 07:12:49,906 - game_state - INFO - Target window 'NL Hold' found and visible
2025-05-01 07:12:49,906 - game_state - INFO - Poker window detected by window title
2025-05-01 07:12:49,907 - game_state - INFO - [CARD DEBUG] Screenshot size: 2560x1600
2025-05-01 07:12:49,907 - game_state - INFO - [CARD DEBUG] Player card ROI: x=768, y=960, width=512, height=160
2025-05-01 07:12:49,909 - game_state - INFO - [CARD DEBUG] Found 14 potential card contours
2025-05-01 07:12:49,909 - game_state - INFO - [CARD DEBUG] Contour area: 0.0, min: 2457.6, max: 24576.0
2025-05-01 07:12:49,910 - game_state - INFO - [CARD DEBUG] Contour area: 37.0, min: 2457.6, max: 24576.0
2025-05-01 07:12:49,910 - game_state - INFO - [CARD DEBUG] Contour area: 0.0, min: 2457.6, max: 24576.0
2025-05-01 07:12:49,910 - game_state - INFO - [CARD DEBUG] Contour area: 6.0, min: 2457.6, max: 24576.0
2025-05-01 07:12:49,911 - game_state - INFO - [CARD DEBUG] Contour area: 15.5, min: 2457.6, max: 24576.0
2025-05-01 07:12:49,911 - game_state - INFO - [CARD DEBUG] Contour area: 52.0, min: 2457.6, max: 24576.0
2025-05-01 07:12:49,911 - game_state - INFO - [CARD DEBUG] Contour area: 1434.5, min: 2457.6, max: 24576.0
2025-05-01 07:12:49,911 - game_state - INFO - [CARD DEBUG] Contour area: 0.0, min: 2457.6, max: 24576.0
2025-05-01 07:12:49,912 - game_state - INFO - [CARD DEBUG] Contour area: 26.0, min: 2457.6, max: 24576.0
2025-05-01 07:12:49,912 - game_state - INFO - [CARD DEBUG] Contour area: 46.5, min: 2457.6, max: 24576.0
2025-05-01 07:12:49,912 - game_state - INFO - [CARD DEBUG] Contour area: 17.0, min: 2457.6, max: 24576.0
2025-05-01 07:12:49,912 - game_state - INFO - [CARD DEBUG] Contour area: 1141.5, min: 2457.6, max: 24576.0
2025-05-01 07:12:49,912 - game_state - INFO - [CARD DEBUG] Contour area: 12043.0, min: 2457.6, max: 24576.0
2025-05-01 07:12:49,912 - game_state - INFO - [CARD DEBUG] Contour aspect ratio: 0.8931297709923665
2025-05-01 07:12:50,014 - game_state - INFO - [CARD DEBUG] Detected player card: 4d
2025-05-01 07:12:50,015 - game_state - INFO - [CARD DEBUG] Contour area: 7656.5, min: 2457.6, max: 24576.0
2025-05-01 07:12:50,015 - game_state - INFO - [CARD DEBUG] Contour aspect ratio: 0.9621212121212122
2025-05-01 07:12:50,119 - game_state - INFO - [CARD DEBUG] Failed to identify card rank/suit
2025-05-01 07:12:50,119 - game_state - INFO - [CARD DEBUG] Total card-like contours found: 2
2025-05-01 07:12:50,245 - game_state - INFO - [CARD DEBUG] Saved debug image to C:\GitRepositories\poker\debug\player_cards_debug_1746076370.png
2025-05-01 07:12:50,247 - game_state - INFO - [CARD DEBUG] Saved card mask to C:\GitRepositories\poker\debug\player_cards_mask_1746076370.png
2025-05-01 07:12:50,362 - game_state - INFO - Detected pot size: $0.15
2025-05-01 07:12:50,366 - game_state - INFO - Saved pot size debug image to C:\GitRepositories\poker\debug\pot_size_1746076370.png
2025-05-01 07:12:50,627 - game_state - INFO - Saved dealer button debug image to C:\GitRepositories\poker\debug\dealer_button_1746076370.png
2025-05-01 07:12:50,628 - game_state - INFO - Detected position: late (dealer on left)
2025-05-01 07:12:50,644 - game_state - INFO - Saved turn detection debug image to C:\GitRepositories\poker\debug\turn_detection_1746076370.png
2025-05-01 07:12:50,658 - game_state - INFO - Saved turn detection debug image to C:\GitRepositories\poker\debug\turn_detection_1746076370.png
2025-05-01 07:12:50,659 - game_state - INFO - Game state detected: 1 player cards, 0 community cards, pot: 0.15, is_our_turn: False
2025-05-01 07:12:50,659 - hand_analyzer - INFO - Hand analysis: incomplete (strength: 0.00, win probability: 0.00%)
2025-05-01 07:12:50,660 - decision_maker - WARNING - Asked to make decision but it's not our turn
2025-05-01 07:12:50,660 - bet_placer - INFO - Executing action: check
2025-05-01 07:12:52,328 - bet_placer - INFO - Clicked check button at (1431.3045805728084, 1346.2841300362993)
2025-05-01 07:12:54,396 - game_state - INFO - Screenshot size: 2560x1600
2025-05-01 07:12:54,397 - game_state - INFO - Target window 'NL Hold' found and visible
2025-05-01 07:12:54,397 - game_state - INFO - Poker window detected by window title
2025-05-01 07:12:54,398 - game_state - INFO - [CARD DEBUG] Screenshot size: 2560x1600
2025-05-01 07:12:54,398 - game_state - INFO - [CARD DEBUG] Player card ROI: x=768, y=960, width=512, height=160
2025-05-01 07:12:54,400 - game_state - INFO - [CARD DEBUG] Found 0 potential card contours
2025-05-01 07:12:54,400 - game_state - INFO - [CARD DEBUG] Total card-like contours found: 0
2025-05-01 07:12:54,529 - game_state - INFO - [CARD DEBUG] Saved debug image to C:\GitRepositories\poker\debug\player_cards_debug_1746076374.png
2025-05-01 07:12:54,530 - game_state - INFO - [CARD DEBUG] Saved card mask to C:\GitRepositories\poker\debug\player_cards_mask_1746076374.png
2025-05-01 07:12:54,648 - game_state - INFO - Detected pot size: $0.15
2025-05-01 07:12:54,652 - game_state - INFO - Saved pot size debug image to C:\GitRepositories\poker\debug\pot_size_1746076374.png
2025-05-01 07:12:54,780 - __main__ - INFO - Poker Bot stopped by user
2025-05-01 07:12:54,780 - __main__ - INFO - Poker Bot stopped
2025-05-01 07:26:50,013 - screen_capture - INFO - Screen capture initialized
2025-05-01 07:26:50,060 - game_state - INFO - Loaded client template 1 from resources
2025-05-01 07:26:50,112 - game_state - INFO - Loaded client template 2 from resources
2025-05-01 07:26:50,161 - game_state - INFO - Loaded client template 3 from resources
2025-05-01 07:26:50,211 - game_state - INFO - Loaded client template 4 from resources
2025-05-01 07:26:50,260 - game_state - INFO - Loaded client template 5 from resources
2025-05-01 07:26:50,261 - game_state - INFO - Loaded 5 client templates
2025-05-01 07:26:50,262 - game_state - INFO - Template client1 size: 1536x960
2025-05-01 07:26:50,262 - game_state - INFO - Template client2 size: 1536x960
2025-05-01 07:26:50,262 - game_state - INFO - Template client3 size: 1536x960
2025-05-01 07:26:50,262 - game_state - INFO - Template client4 size: 1536x960
2025-05-01 07:26:50,263 - game_state - INFO - Template client5 size: 1536x960
2025-05-01 07:26:50,263 - game_state - INFO - Game state detector initialized
2025-05-01 07:26:50,263 - game_state - INFO - Window title detection is enabled
2025-05-01 07:26:50,264 - hand_analyzer - INFO - Hand analyzer initialized
2025-05-01 07:26:50,264 - decision_maker - INFO - Decision maker initialized (aggression: 0.50, bluff frequency: 0.10)
2025-05-01 07:26:50,310 - bet_placer - INFO - Loaded client template 1 for button detection
2025-05-01 07:26:50,359 - bet_placer - INFO - Loaded client template 2 for button detection
2025-05-01 07:26:50,407 - bet_placer - INFO - Loaded client template 3 for button detection
2025-05-01 07:26:50,467 - bet_placer - INFO - Loaded client template 4 for button detection
2025-05-01 07:26:50,524 - bet_placer - INFO - Loaded client template 5 for button detection
2025-05-01 07:26:50,524 - bet_placer - INFO - Bet placer initialized
2025-05-01 07:26:50,524 - __main__ - INFO - Poker Bot initialized
2025-05-01 07:26:50,525 - __main__ - INFO - Starting poker bot calibration
2025-05-01 07:26:50,525 - bet_placer - INFO - Starting button calibration
2025-05-01 07:26:50,526 - bet_placer - INFO - Attempting automatic button calibration
2025-05-01 07:26:50,526 - screen_capture - INFO - Screen capture initialized
2025-05-01 07:26:51,989 - bet_placer - WARNING - Could not match any client template
2025-05-01 07:26:51,990 - bet_placer - INFO - Starting interactive button calibration
2025-05-01 07:27:04,479 - bet_placer - INFO - Set fold button at (1492, 1395)
2025-05-01 07:27:04,877 - bet_placer - INFO - Set check and call button at (1492, 1395)
2025-05-01 07:27:05,201 - bet_placer - INFO - Set bet and raise button at (1492, 1395)
2025-05-01 07:27:05,529 - bet_placer - INFO - Set bet_input button at (1492, 1395)
2025-05-01 07:27:05,868 - bet_placer - INFO - Set confirm button at (1492, 1395)
2025-05-01 07:27:05,869 - __main__ - INFO - Poker Bot started
2025-05-01 07:27:06,006 - game_state - INFO - Screenshot size: 2560x1600
2025-05-01 07:27:06,009 - game_state - INFO - Target window 'NL Hold' found and visible
2025-05-01 07:27:06,009 - game_state - INFO - Poker window detected by window title
2025-05-01 07:27:06,010 - game_state - INFO - [CARD DEBUG] Screenshot size: 2560x1600
2025-05-01 07:27:06,010 - game_state - INFO - [CARD DEBUG] Player card ROI: x=768, y=960, width=512, height=160
2025-05-01 07:27:06,013 - game_state - INFO - [CARD DEBUG] Found 0 potential card contours
2025-05-01 07:27:06,013 - game_state - INFO - [CARD DEBUG] Total card-like contours found: 0
2025-05-01 07:27:06,214 - game_state - INFO - [CARD DEBUG] Saved debug image to C:\GitRepositories\poker\debug\player_cards_debug_1746077226.png
2025-05-01 07:27:06,216 - game_state - INFO - [CARD DEBUG] Saved card mask to C:\GitRepositories\poker\debug\player_cards_mask_1746077226.png
2025-05-01 07:27:06,474 - game_state - INFO - Detected pot size: $0.08
2025-05-01 07:27:06,479 - game_state - INFO - Saved pot size debug image to C:\GitRepositories\poker\debug\pot_size_1746077226.png
2025-05-01 07:27:06,744 - game_state - INFO - Detected current bet: $0.03
2025-05-01 07:27:06,747 - game_state - INFO - Saved current bet debug image to C:\GitRepositories\poker\debug\current_bet_1746077226.png
2025-05-01 07:27:07,008 - game_state - INFO - Saved dealer button debug image to C:\GitRepositories\poker\debug\dealer_button_1746077226.png
2025-05-01 07:27:07,009 - game_state - INFO - Detected position: late (dealer on left)
2025-05-01 07:27:07,029 - game_state - INFO - Saved turn detection debug image to C:\GitRepositories\poker\debug\turn_detection_1746077227.png
2025-05-01 07:27:07,047 - game_state - INFO - Saved turn detection debug image to C:\GitRepositories\poker\debug\turn_detection_1746077227.png
2025-05-01 07:27:07,049 - game_state - INFO - Game state detected: 0 player cards, 0 community cards, pot: 0.08, is_our_turn: False
2025-05-01 07:27:07,049 - hand_analyzer - WARNING - Cannot analyze hand: No player cards detected
2025-05-01 07:27:07,050 - decision_maker - WARNING - Asked to make decision but it's not our turn
2025-05-01 07:27:07,050 - bet_placer - INFO - Executing action: check
2025-05-01 07:27:08,722 - bet_placer - INFO - Clicked check button at (1495.8629014395215, 1396.35774956341)
2025-05-01 07:27:10,842 - game_state - INFO - Screenshot size: 2560x1600
2025-05-01 07:27:10,844 - game_state - INFO - Target window 'NL Hold' found and visible
2025-05-01 07:27:10,844 - game_state - INFO - Poker window detected by window title
2025-05-01 07:27:10,845 - game_state - INFO - [CARD DEBUG] Screenshot size: 2560x1600
2025-05-01 07:27:10,845 - game_state - INFO - [CARD DEBUG] Player card ROI: x=768, y=960, width=512, height=160
2025-05-01 07:27:10,848 - game_state - INFO - [CARD DEBUG] Found 0 potential card contours
2025-05-01 07:27:10,848 - game_state - INFO - [CARD DEBUG] Total card-like contours found: 0
2025-05-01 07:27:11,040 - game_state - INFO - [CARD DEBUG] Saved debug image to C:\GitRepositories\poker\debug\player_cards_debug_1746077230.png
2025-05-01 07:27:11,042 - game_state - INFO - [CARD DEBUG] Saved card mask to C:\GitRepositories\poker\debug\player_cards_mask_1746077231.png
2025-05-01 07:27:11,255 - game_state - INFO - Detected pot size: $0.08
2025-05-01 07:27:11,260 - game_state - INFO - Saved pot size debug image to C:\GitRepositories\poker\debug\pot_size_1746077231.png
2025-05-01 07:27:11,780 - game_state - INFO - Saved dealer button debug image to C:\GitRepositories\poker\debug\dealer_button_1746077231.png
2025-05-01 07:27:11,781 - game_state - INFO - Detected position: late (dealer on left)
2025-05-01 07:27:11,798 - game_state - INFO - Saved turn detection debug image to C:\GitRepositories\poker\debug\turn_detection_1746077231.png
2025-05-01 07:27:11,814 - game_state - INFO - Saved turn detection debug image to C:\GitRepositories\poker\debug\turn_detection_1746077231.png
2025-05-01 07:27:11,816 - game_state - INFO - Game state detected: 0 player cards, 0 community cards, pot: 0.08, is_our_turn: False
2025-05-01 07:27:11,816 - hand_analyzer - WARNING - Cannot analyze hand: No player cards detected
2025-05-01 07:27:11,816 - decision_maker - WARNING - Asked to make decision but it's not our turn
2025-05-01 07:27:11,817 - bet_placer - INFO - Executing action: check
2025-05-01 07:27:13,490 - bet_placer - INFO - Clicked check button at (1491.7062118875217, 1392.370716729009)
2025-05-01 07:27:15,610 - game_state - INFO - Screenshot size: 2560x1600
2025-05-01 07:27:15,613 - game_state - INFO - Target window 'NL Hold' found and visible
2025-05-01 07:27:15,613 - game_state - INFO - Poker window detected by window title
2025-05-01 07:27:15,613 - game_state - INFO - [CARD DEBUG] Screenshot size: 2560x1600
2025-05-01 07:27:15,613 - game_state - INFO - [CARD DEBUG] Player card ROI: x=768, y=960, width=512, height=160
2025-05-01 07:27:15,617 - game_state - INFO - [CARD DEBUG] Found 0 potential card contours
2025-05-01 07:27:15,618 - game_state - INFO - [CARD DEBUG] Total card-like contours found: 0
2025-05-01 07:27:15,818 - game_state - INFO - [CARD DEBUG] Saved debug image to C:\GitRepositories\poker\debug\player_cards_debug_1746077235.png
2025-05-01 07:27:15,821 - game_state - INFO - [CARD DEBUG] Saved card mask to C:\GitRepositories\poker\debug\player_cards_mask_1746077235.png
2025-05-01 07:27:16,056 - game_state - INFO - Detected pot size: $0.08
2025-05-01 07:27:16,061 - game_state - INFO - Saved pot size debug image to C:\GitRepositories\poker\debug\pot_size_1746077236.png
2025-05-01 07:27:16,629 - game_state - INFO - Saved dealer button debug image to C:\GitRepositories\poker\debug\dealer_button_1746077236.png
2025-05-01 07:27:16,630 - game_state - INFO - Detected position: late (dealer on left)
2025-05-01 07:27:16,653 - game_state - INFO - Saved turn detection debug image to C:\GitRepositories\poker\debug\turn_detection_1746077236.png
2025-05-01 07:27:16,676 - game_state - INFO - Saved turn detection debug image to C:\GitRepositories\poker\debug\turn_detection_1746077236.png
2025-05-01 07:27:16,678 - game_state - INFO - Game state detected: 0 player cards, 0 community cards, pot: 0.08, is_our_turn: False
2025-05-01 07:27:16,678 - hand_analyzer - WARNING - Cannot analyze hand: No player cards detected
2025-05-01 07:27:16,679 - decision_maker - WARNING - Asked to make decision but it's not our turn
2025-05-01 07:27:16,679 - bet_placer - INFO - Executing action: check
2025-05-01 07:27:18,357 - bet_placer - INFO - Clicked check button at (1495.375692146142, 1395.7617663053056)
2025-05-01 07:27:20,482 - game_state - INFO - Screenshot size: 2560x1600
2025-05-01 07:27:20,484 - game_state - INFO - Target window 'NL Hold' found and visible
2025-05-01 07:27:20,484 - game_state - INFO - Poker window detected by window title
2025-05-01 07:27:20,485 - game_state - INFO - [CARD DEBUG] Screenshot size: 2560x1600
2025-05-01 07:27:20,485 - game_state - INFO - [CARD DEBUG] Player card ROI: x=768, y=960, width=512, height=160
2025-05-01 07:27:20,489 - game_state - INFO - [CARD DEBUG] Found 0 potential card contours
2025-05-01 07:27:20,489 - game_state - INFO - [CARD DEBUG] Total card-like contours found: 0
2025-05-01 07:27:20,711 - game_state - INFO - [CARD DEBUG] Saved debug image to C:\GitRepositories\poker\debug\player_cards_debug_1746077240.png
2025-05-01 07:27:20,713 - game_state - INFO - [CARD DEBUG] Saved card mask to C:\GitRepositories\poker\debug\player_cards_mask_1746077240.png
2025-05-01 07:27:20,943 - game_state - INFO - Detected pot size: $0.08
2025-05-01 07:27:20,948 - game_state - INFO - Saved pot size debug image to C:\GitRepositories\poker\debug\pot_size_1746077240.png
2025-05-01 07:27:21,500 - game_state - INFO - Saved dealer button debug image to C:\GitRepositories\poker\debug\dealer_button_1746077241.png
2025-05-01 07:27:21,501 - game_state - INFO - Detected position: late (dealer on left)
2025-05-01 07:27:21,525 - game_state - INFO - Saved turn detection debug image to C:\GitRepositories\poker\debug\turn_detection_1746077241.png
2025-05-01 07:27:21,546 - game_state - INFO - Saved turn detection debug image to C:\GitRepositories\poker\debug\turn_detection_1746077241.png
2025-05-01 07:27:21,548 - game_state - INFO - Game state detected: 0 player cards, 0 community cards, pot: 0.08, is_our_turn: False
2025-05-01 07:27:21,548 - hand_analyzer - WARNING - Cannot analyze hand: No player cards detected
2025-05-01 07:27:21,549 - decision_maker - WARNING - Asked to make decision but it's not our turn
2025-05-01 07:27:21,549 - bet_placer - INFO - Executing action: check
2025-05-01 07:27:23,224 - bet_placer - INFO - Clicked check button at (1489.9514318557608, 1397.3924232481234)
2025-05-01 07:27:25,353 - game_state - INFO - Screenshot size: 2560x1600
2025-05-01 07:27:25,355 - game_state - INFO - Target window 'NL Hold' found and visible
2025-05-01 07:27:25,355 - game_state - INFO - Poker window detected by window title
2025-05-01 07:27:25,356 - game_state - INFO - [CARD DEBUG] Screenshot size: 2560x1600
2025-05-01 07:27:25,356 - game_state - INFO - [CARD DEBUG] Player card ROI: x=768, y=960, width=512, height=160
2025-05-01 07:27:25,360 - game_state - INFO - [CARD DEBUG] Found 0 potential card contours
2025-05-01 07:27:25,360 - game_state - INFO - [CARD DEBUG] Total card-like contours found: 0
2025-05-01 07:27:25,596 - game_state - INFO - [CARD DEBUG] Saved debug image to C:\GitRepositories\poker\debug\player_cards_debug_1746077245.png
2025-05-01 07:27:25,599 - game_state - INFO - [CARD DEBUG] Saved card mask to C:\GitRepositories\poker\debug\player_cards_mask_1746077245.png
2025-05-01 07:27:25,854 - game_state - INFO - Detected pot size: $0.14
2025-05-01 07:27:25,862 - game_state - INFO - Saved pot size debug image to C:\GitRepositories\poker\debug\pot_size_1746077245.png
2025-05-01 07:27:26,090 - game_state - INFO - Detected current bet: $0.06
2025-05-01 07:27:26,094 - game_state - INFO - Saved current bet debug image to C:\GitRepositories\poker\debug\current_bet_1746077246.png
2025-05-01 07:27:26,412 - game_state - INFO - Saved dealer button debug image to C:\GitRepositories\poker\debug\dealer_button_1746077246.png
2025-05-01 07:27:26,413 - game_state - INFO - Detected position: late (dealer on left)
2025-05-01 07:27:26,434 - game_state - INFO - Saved turn detection debug image to C:\GitRepositories\poker\debug\turn_detection_1746077246.png
2025-05-01 07:27:26,453 - game_state - INFO - Saved turn detection debug image to C:\GitRepositories\poker\debug\turn_detection_1746077246.png
2025-05-01 07:27:26,455 - game_state - INFO - Game state detected: 0 player cards, 0 community cards, pot: 0.14, is_our_turn: False
2025-05-01 07:27:26,456 - hand_analyzer - WARNING - Cannot analyze hand: No player cards detected
2025-05-01 07:27:26,456 - decision_maker - WARNING - Asked to make decision but it's not our turn
2025-05-01 07:27:26,457 - bet_placer - INFO - Executing action: check
2025-05-01 07:27:28,142 - bet_placer - INFO - Clicked check button at (1490.360949848538, 1396.2592553142265)
2025-05-01 07:27:30,301 - game_state - INFO - Screenshot size: 2560x1600
2025-05-01 07:27:30,304 - game_state - INFO - Target window 'NL Hold' found and visible
2025-05-01 07:27:30,304 - game_state - INFO - Poker window detected by window title
2025-05-01 07:27:30,304 - game_state - INFO - [CARD DEBUG] Screenshot size: 2560x1600
2025-05-01 07:27:30,305 - game_state - INFO - [CARD DEBUG] Player card ROI: x=768, y=960, width=512, height=160
2025-05-01 07:27:30,309 - game_state - INFO - [CARD DEBUG] Found 3 potential card contours
2025-05-01 07:27:30,310 - game_state - INFO - [CARD DEBUG] Contour area: 1.5, min: 2457.6, max: 24576.0
2025-05-01 07:27:30,310 - game_state - INFO - [CARD DEBUG] Contour area: 14873.5, min: 2457.6, max: 24576.0
2025-05-01 07:27:30,310 - game_state - INFO - [CARD DEBUG] Contour aspect ratio: 0.9846153846153847
2025-05-01 07:27:30,313 - game_state - INFO - [CARD DEBUG] Saved card corner image to C:\GitRepositories\poker\debug\card_corner_1746077250.png
2025-05-01 07:27:30,585 - game_state - INFO - [CARD DEBUG] Red pixels: 311, Black pixels: 0
2025-05-01 07:27:30,807 - game_state - INFO - [CARD DEBUG] Raw OCR text: '9'
2025-05-01 07:27:30,818 - game_state - INFO - [CARD DEBUG] Heart score: 10, Diamond score: 0
2025-05-01 07:27:30,818 - game_state - INFO - [CARD DEBUG] Successfully identified card: 9h, is_red=True
2025-05-01 07:27:30,819 - game_state - INFO - [CARD DEBUG] Detected player card: 9h
2025-05-01 07:27:30,819 - game_state - INFO - [CARD DEBUG] Contour area: 14698.5, min: 2457.6, max: 24576.0
2025-05-01 07:27:30,819 - game_state - INFO - [CARD DEBUG] Contour aspect ratio: 0.9846153846153847
2025-05-01 07:27:30,824 - game_state - INFO - [CARD DEBUG] Saved card corner image to C:\GitRepositories\poker\debug\card_corner_1746077250.png
2025-05-01 07:27:30,827 - game_state - INFO - [CARD DEBUG] Red pixels: 339, Black pixels: 0
2025-05-01 07:27:31,058 - game_state - INFO - [CARD DEBUG] Raw OCR text: 'A'
2025-05-01 07:27:31,058 - game_state - INFO - [CARD DEBUG] Heart score: 0, Diamond score: 0
2025-05-01 07:27:31,059 - game_state - INFO - [CARD DEBUG] Successfully identified card: Ad, is_red=True
2025-05-01 07:27:31,059 - game_state - INFO - [CARD DEBUG] Detected player card: Ad
2025-05-01 07:27:31,059 - game_state - INFO - [CARD DEBUG] Total card-like contours found: 2
2025-05-01 07:27:31,248 - game_state - INFO - [CARD DEBUG] Saved debug image to C:\GitRepositories\poker\debug\player_cards_debug_1746077251.png
2025-05-01 07:27:31,251 - game_state - INFO - [CARD DEBUG] Saved card mask to C:\GitRepositories\poker\debug\player_cards_mask_1746077251.png
2025-05-01 07:27:31,508 - game_state - INFO - Detected pot size: $0.03
2025-05-01 07:27:31,514 - game_state - INFO - Saved pot size debug image to C:\GitRepositories\poker\debug\pot_size_1746077251.png
2025-05-01 07:27:32,030 - game_state - INFO - Saved dealer button debug image to C:\GitRepositories\poker\debug\dealer_button_1746077251.png
2025-05-01 07:27:32,031 - game_state - INFO - Detected position: late (dealer on left)
2025-05-01 07:27:32,052 - game_state - INFO - Saved turn detection debug image to C:\GitRepositories\poker\debug\turn_detection_1746077252.png
2025-05-01 07:27:32,074 - game_state - INFO - Saved turn detection debug image to C:\GitRepositories\poker\debug\turn_detection_1746077252.png
2025-05-01 07:27:32,077 - game_state - INFO - Game state detected: 2 player cards, 0 community cards, pot: 0.03, is_our_turn: False
2025-05-01 07:27:32,078 - hand_analyzer - INFO - Hand analysis: high card (strength: 0.28, win probability: 12.83%)
2025-05-01 07:27:32,078 - decision_maker - WARNING - Asked to make decision but it's not our turn
2025-05-01 07:27:32,079 - bet_placer - INFO - Executing action: check
2025-05-01 07:27:33,759 - bet_placer - INFO - Clicked check button at (1490.3884007082358, 1394.1520846009432)
2025-05-01 07:27:35,884 - game_state - INFO - Screenshot size: 2560x1600
2025-05-01 07:27:35,889 - game_state - INFO - Target window 'NL Hold' found and visible
2025-05-01 07:27:35,890 - game_state - INFO - Poker window detected by window title
2025-05-01 07:27:35,891 - game_state - INFO - [CARD DEBUG] Screenshot size: 2560x1600
2025-05-01 07:27:35,891 - game_state - INFO - [CARD DEBUG] Player card ROI: x=768, y=960, width=512, height=160
2025-05-01 07:27:35,897 - game_state - INFO - [CARD DEBUG] Found 3 potential card contours
2025-05-01 07:27:35,897 - game_state - INFO - [CARD DEBUG] Contour area: 1.5, min: 2457.6, max: 24576.0
2025-05-01 07:27:35,898 - game_state - INFO - [CARD DEBUG] Contour area: 14873.5, min: 2457.6, max: 24576.0
2025-05-01 07:27:35,899 - game_state - INFO - [CARD DEBUG] Contour aspect ratio: 0.9846153846153847
2025-05-01 07:27:35,903 - game_state - INFO - [CARD DEBUG] Saved card corner image to C:\GitRepositories\poker\debug\card_corner_1746077255.png
2025-05-01 07:27:35,908 - game_state - INFO - [CARD DEBUG] Red pixels: 311, Black pixels: 0
2025-05-01 07:27:36,148 - game_state - INFO - [CARD DEBUG] Raw OCR text: '9'
2025-05-01 07:27:36,149 - game_state - INFO - [CARD DEBUG] Heart score: 10, Diamond score: 0
2025-05-01 07:27:36,149 - game_state - INFO - [CARD DEBUG] Successfully identified card: 9h, is_red=True
2025-05-01 07:27:36,150 - game_state - INFO - [CARD DEBUG] Detected player card: 9h
2025-05-01 07:27:36,150 - game_state - INFO - [CARD DEBUG] Contour area: 14698.5, min: 2457.6, max: 24576.0
2025-05-01 07:27:36,150 - game_state - INFO - [CARD DEBUG] Contour aspect ratio: 0.9846153846153847
2025-05-01 07:27:36,153 - game_state - INFO - [CARD DEBUG] Saved card corner image to C:\GitRepositories\poker\debug\card_corner_1746077256.png
2025-05-01 07:27:36,156 - game_state - INFO - [CARD DEBUG] Red pixels: 339, Black pixels: 0
2025-05-01 07:27:36,359 - game_state - INFO - [CARD DEBUG] Raw OCR text: 'A'
2025-05-01 07:27:36,360 - game_state - INFO - [CARD DEBUG] Heart score: 0, Diamond score: 0
2025-05-01 07:27:36,361 - game_state - INFO - [CARD DEBUG] Successfully identified card: Ad, is_red=True
2025-05-01 07:27:36,361 - game_state - INFO - [CARD DEBUG] Detected player card: Ad
2025-05-01 07:27:36,361 - game_state - INFO - [CARD DEBUG] Total card-like contours found: 2
2025-05-01 07:27:36,595 - game_state - INFO - [CARD DEBUG] Saved debug image to C:\GitRepositories\poker\debug\player_cards_debug_1746077256.png
2025-05-01 07:27:36,598 - game_state - INFO - [CARD DEBUG] Saved card mask to C:\GitRepositories\poker\debug\player_cards_mask_1746077256.png
2025-05-01 07:27:36,830 - game_state - INFO - Detected pot size: $0.05
2025-05-01 07:27:36,835 - game_state - INFO - Saved pot size debug image to C:\GitRepositories\poker\debug\pot_size_1746077256.png
2025-05-01 07:27:37,358 - game_state - INFO - Saved dealer button debug image to C:\GitRepositories\poker\debug\dealer_button_1746077257.png
2025-05-01 07:27:37,359 - game_state - INFO - Detected position: late (dealer on left)
2025-05-01 07:27:37,377 - game_state - INFO - Saved turn detection debug image to C:\GitRepositories\poker\debug\turn_detection_1746077257.png
2025-05-01 07:27:37,395 - game_state - INFO - Saved turn detection debug image to C:\GitRepositories\poker\debug\turn_detection_1746077257.png
2025-05-01 07:27:37,397 - game_state - INFO - Game state detected: 2 player cards, 0 community cards, pot: 0.05, is_our_turn: False
2025-05-01 07:27:37,397 - hand_analyzer - INFO - Hand analysis: high card (strength: 0.28, win probability: 12.83%)
2025-05-01 07:27:37,397 - decision_maker - WARNING - Asked to make decision but it's not our turn
2025-05-01 07:27:37,397 - bet_placer - INFO - Executing action: check
2025-05-01 07:27:39,074 - bet_placer - INFO - Clicked check button at (1496.4838004069773, 1393.5634344930183)
2025-05-01 07:27:41,214 - game_state - INFO - Screenshot size: 2560x1600
2025-05-01 07:27:41,216 - game_state - INFO - Target window 'NL Hold' found and visible
2025-05-01 07:27:41,216 - game_state - INFO - Poker window detected by window title
2025-05-01 07:27:41,216 - game_state - INFO - [CARD DEBUG] Screenshot size: 2560x1600
2025-05-01 07:27:41,217 - game_state - INFO - [CARD DEBUG] Player card ROI: x=768, y=960, width=512, height=160
2025-05-01 07:27:41,222 - game_state - INFO - [CARD DEBUG] Found 0 potential card contours
2025-05-01 07:27:41,222 - game_state - INFO - [CARD DEBUG] Total card-like contours found: 0
2025-05-01 07:27:41,426 - game_state - INFO - [CARD DEBUG] Saved debug image to C:\GitRepositories\poker\debug\player_cards_debug_1746077261.png
2025-05-01 07:27:41,428 - game_state - INFO - [CARD DEBUG] Saved card mask to C:\GitRepositories\poker\debug\player_cards_mask_1746077261.png
2025-05-01 07:27:41,650 - game_state - INFO - Detected pot size: $0.05
2025-05-01 07:27:41,655 - game_state - INFO - Saved pot size debug image to C:\GitRepositories\poker\debug\pot_size_1746077261.png
2025-05-01 07:27:42,197 - game_state - INFO - Saved dealer button debug image to C:\GitRepositories\poker\debug\dealer_button_1746077262.png
2025-05-01 07:27:42,198 - game_state - INFO - Detected position: late (dealer on left)
2025-05-01 07:27:42,214 - game_state - INFO - Saved turn detection debug image to C:\GitRepositories\poker\debug\turn_detection_1746077262.png
2025-05-01 07:27:42,235 - game_state - INFO - Saved turn detection debug image to C:\GitRepositories\poker\debug\turn_detection_1746077262.png
2025-05-01 07:27:42,236 - game_state - INFO - Game state detected: 0 player cards, 0 community cards, pot: 0.05, is_our_turn: False
2025-05-01 07:27:42,236 - hand_analyzer - WARNING - Cannot analyze hand: No player cards detected
2025-05-01 07:27:42,237 - decision_maker - WARNING - Asked to make decision but it's not our turn
2025-05-01 07:27:42,238 - bet_placer - INFO - Executing action: check
2025-05-01 07:27:43,927 - bet_placer - INFO - Clicked check button at (1490.7890964979388, 1393.308251187844)
2025-05-01 07:27:46,049 - game_state - INFO - Screenshot size: 2560x1600
2025-05-01 07:27:46,050 - game_state - INFO - Target window 'NL Hold' found and visible
2025-05-01 07:27:46,051 - game_state - INFO - Poker window detected by window title
2025-05-01 07:27:46,051 - game_state - INFO - [CARD DEBUG] Screenshot size: 2560x1600
2025-05-01 07:27:46,052 - game_state - INFO - [CARD DEBUG] Player card ROI: x=768, y=960, width=512, height=160
2025-05-01 07:27:46,055 - game_state - INFO - [CARD DEBUG] Found 0 potential card contours
2025-05-01 07:27:46,056 - game_state - INFO - [CARD DEBUG] Total card-like contours found: 0
2025-05-01 07:27:46,284 - game_state - INFO - [CARD DEBUG] Saved debug image to C:\GitRepositories\poker\debug\player_cards_debug_1746077266.png
2025-05-01 07:27:46,286 - game_state - INFO - [CARD DEBUG] Saved card mask to C:\GitRepositories\poker\debug\player_cards_mask_1746077266.png
2025-05-01 07:27:46,567 - game_state - INFO - Detected pot size: $0.05
2025-05-01 07:27:46,576 - game_state - INFO - Saved pot size debug image to C:\GitRepositories\poker\debug\pot_size_1746077266.png
2025-05-01 07:27:47,130 - game_state - INFO - Saved dealer button debug image to C:\GitRepositories\poker\debug\dealer_button_1746077267.png
2025-05-01 07:27:47,131 - game_state - INFO - Detected position: late (dealer on left)
2025-05-01 07:27:47,148 - game_state - INFO - Saved turn detection debug image to C:\GitRepositories\poker\debug\turn_detection_1746077267.png
2025-05-01 07:27:47,163 - game_state - INFO - Saved turn detection debug image to C:\GitRepositories\poker\debug\turn_detection_1746077267.png
2025-05-01 07:27:47,164 - game_state - INFO - Game state detected: 0 player cards, 0 community cards, pot: 0.05, is_our_turn: False
2025-05-01 07:27:47,164 - hand_analyzer - WARNING - Cannot analyze hand: No player cards detected
2025-05-01 07:27:47,165 - decision_maker - WARNING - Asked to make decision but it's not our turn
2025-05-01 07:27:47,165 - bet_placer - INFO - Executing action: check
2025-05-01 07:27:48,845 - bet_placer - INFO - Clicked check button at (1490.4895389946403, 1392.7656436512634)
2025-05-01 07:27:50,847 - __main__ - INFO - Poker Bot stopped by user
2025-05-01 07:27:50,848 - __main__ - INFO - Poker Bot stopped
2025-05-01 12:39:27,405 - screen_capture - INFO - Screen capture initialized
2025-05-01 12:39:27,449 - game_state - INFO - Loaded client template 1 from resources
2025-05-01 12:39:27,496 - game_state - INFO - Loaded client template 2 from resources
2025-05-01 12:39:27,540 - game_state - INFO - Loaded client template 3 from resources
2025-05-01 12:39:27,586 - game_state - INFO - Loaded client template 4 from resources
2025-05-01 12:39:27,631 - game_state - INFO - Loaded client template 5 from resources
2025-05-01 12:39:27,631 - game_state - INFO - Loaded 5 client templates
2025-05-01 12:39:27,632 - game_state - INFO - Template client1 size: 1536x960
2025-05-01 12:39:27,632 - game_state - INFO - Template client2 size: 1536x960
2025-05-01 12:39:27,632 - game_state - INFO - Template client3 size: 1536x960
2025-05-01 12:39:27,633 - game_state - INFO - Template client4 size: 1536x960
2025-05-01 12:39:27,633 - game_state - INFO - Template client5 size: 1536x960
2025-05-01 12:39:27,633 - game_state - INFO - Game state detector initialized
2025-05-01 12:39:27,633 - game_state - INFO - Window title detection is enabled
2025-05-01 12:39:27,633 - hand_analyzer - INFO - Hand analyzer initialized
2025-05-01 12:39:27,634 - decision_maker - INFO - Decision maker initialized (aggression: 0.50, bluff frequency: 0.10)
2025-05-01 12:39:27,679 - bet_placer - INFO - Loaded client template 1 for button detection
2025-05-01 12:39:27,725 - bet_placer - INFO - Loaded client template 2 for button detection
2025-05-01 12:39:27,770 - bet_placer - INFO - Loaded client template 3 for button detection
2025-05-01 12:39:27,818 - bet_placer - INFO - Loaded client template 4 for button detection
2025-05-01 12:39:27,870 - bet_placer - INFO - Loaded client template 5 for button detection
2025-05-01 12:39:27,871 - bet_placer - INFO - Bet placer initialized
2025-05-01 12:39:27,871 - __main__ - INFO - Poker Bot initialized
2025-05-01 12:39:27,871 - __main__ - INFO - Starting poker bot calibration
2025-05-01 12:39:27,872 - bet_placer - INFO - Starting button calibration
2025-05-01 12:39:27,873 - bet_placer - INFO - Attempting automatic button calibration
2025-05-01 12:39:27,873 - screen_capture - INFO - Screen capture initialized
2025-05-01 12:39:29,365 - bet_placer - WARNING - Could not match any client template
2025-05-01 12:39:29,366 - bet_placer - INFO - Starting interactive button calibration
2025-05-01 12:39:29,376 - bet_placer - INFO - Set fold button at (1484, 1343)
2025-05-01 12:39:29,663 - bet_placer - INFO - Set check and call button at (1484, 1343)
2025-05-01 12:39:29,915 - bet_placer - INFO - Set bet and raise button at (1484, 1343)
2025-05-01 12:39:30,129 - bet_placer - INFO - Set bet_input button at (1484, 1343)
2025-05-01 12:39:30,393 - bet_placer - INFO - Set confirm button at (1484, 1343)
2025-05-01 12:39:30,394 - __main__ - INFO - Poker Bot started
2025-05-01 12:39:30,504 - game_state - INFO - Screenshot size: 2560x1600
2025-05-01 12:39:30,513 - game_state - INFO - Target window 'NL Hold' found and visible
2025-05-01 12:39:30,514 - game_state - INFO - Poker window detected by window title
2025-05-01 12:39:30,514 - game_state - INFO - [CARD DEBUG] Screenshot size: 2560x1600
2025-05-01 12:39:30,515 - game_state - INFO - [CARD DEBUG] Player card ROI: x=768, y=960, width=512, height=160
2025-05-01 12:39:30,534 - game_state - INFO - [CARD DEBUG] Found 3 potential card contours
2025-05-01 12:39:30,535 - game_state - INFO - [CARD DEBUG] Contour area: 1.5, min: 2457.6, max: 24576.0
2025-05-01 12:39:30,535 - game_state - INFO - [CARD DEBUG] Contour area: 14827.5, min: 2457.6, max: 24576.0
2025-05-01 12:39:30,537 - game_state - INFO - [CARD DEBUG] Contour aspect ratio: 0.9692307692307692
2025-05-01 12:39:30,547 - game_state - INFO - [CARD DEBUG] Saved card corner image to C:\GitRepositories\poker\debug\card_corner_1746095970.png
2025-05-01 12:39:30,758 - game_state - INFO - [CARD DEBUG] Red pixels: 0, Black pixels: 97
2025-05-01 12:39:30,961 - game_state - INFO - [CARD DEBUG] Raw OCR text: '7'
2025-05-01 12:39:30,964 - game_state - ERROR - Error identifying card: too many indices for array: array is 2-dimensional, but 3 were indexed
Traceback (most recent call last):
  File "C:\GitRepositories\poker\src\game_state.py", line 650, in _identify_card
    spade_score = self._detect_spade_shape(contours, black_processed.shape)
  File "C:\GitRepositories\poker\src\game_state.py", line 875, in _detect_spade_shape
    bottom_width = np.max(bottom_part[:, :, 0]) - np.min(bottom_part[:, :, 0])
                          ~~~~~~~~~~~^^^^^^^^^
IndexError: too many indices for array: array is 2-dimensional, but 3 were indexed
2025-05-01 12:39:30,965 - game_state - INFO - [CARD DEBUG] Failed to identify card rank/suit
2025-05-01 12:39:30,966 - game_state - INFO - [CARD DEBUG] Contour area: 14616.5, min: 2457.6, max: 24576.0
2025-05-01 12:39:30,966 - game_state - INFO - [CARD DEBUG] Contour aspect ratio: 0.9692307692307692
2025-05-01 12:39:30,967 - game_state - INFO - [CARD DEBUG] Saved card corner image to C:\GitRepositories\poker\debug\card_corner_1746095970.png
2025-05-01 12:39:30,968 - game_state - INFO - [CARD DEBUG] Red pixels: 189, Black pixels: 0
2025-05-01 12:39:31,094 - game_state - INFO - [CARD DEBUG] Raw OCR text: 'J'
2025-05-01 12:39:31,102 - game_state - INFO - [CARD DEBUG] Heart score: 10, Diamond score: 0
2025-05-01 12:39:31,102 - game_state - INFO - [CARD DEBUG] Successfully identified card: Jh, is_red=True
2025-05-01 12:39:31,102 - game_state - INFO - [CARD DEBUG] Detected player card: Jh
2025-05-01 12:39:31,103 - game_state - INFO - [CARD DEBUG] Total card-like contours found: 2
2025-05-01 12:39:31,190 - game_state - INFO - [CARD DEBUG] Saved debug image to C:\GitRepositories\poker\debug\player_cards_debug_1746095971.png
2025-05-01 12:39:31,191 - game_state - INFO - [CARD DEBUG] Saved card mask to C:\GitRepositories\poker\debug\player_cards_mask_1746095971.png
2025-05-01 12:39:31,334 - game_state - INFO - Detected pot size: $0.03
2025-05-01 12:39:31,337 - game_state - INFO - Saved pot size debug image to C:\GitRepositories\poker\debug\pot_size_1746095971.png
2025-05-01 12:39:31,618 - game_state - INFO - Saved dealer button debug image to C:\GitRepositories\poker\debug\dealer_button_1746095971.png
2025-05-01 12:39:31,619 - game_state - INFO - Detected position: early (dealer on right)
2025-05-01 12:39:31,627 - game_state - INFO - Saved turn detection debug image to C:\GitRepositories\poker\debug\turn_detection_1746095971.png
2025-05-01 12:39:31,635 - game_state - INFO - Saved turn detection debug image to C:\GitRepositories\poker\debug\turn_detection_1746095971.png
2025-05-01 12:39:31,635 - game_state - INFO - Game state detected: 1 player cards, 0 community cards, pot: 0.03, is_our_turn: False
2025-05-01 12:39:31,635 - hand_analyzer - INFO - Hand analysis: incomplete (strength: 0.00, win probability: 0.00%)
2025-05-01 12:39:31,636 - decision_maker - WARNING - Asked to make decision but it's not our turn
2025-05-01 12:39:31,636 - bet_placer - INFO - Executing action: check
2025-05-01 12:39:33,312 - bet_placer - INFO - Clicked check button at (1480.3146068915732, 1342.391109577856)
2025-05-01 12:39:35,455 - game_state - INFO - Screenshot size: 2560x1600
2025-05-01 12:39:35,458 - game_state - INFO - Target window 'NL Hold' found and visible
2025-05-01 12:39:35,459 - game_state - INFO - Poker window detected by window title
2025-05-01 12:39:35,459 - game_state - INFO - [CARD DEBUG] Screenshot size: 2560x1600
2025-05-01 12:39:35,459 - game_state - INFO - [CARD DEBUG] Player card ROI: x=768, y=960, width=512, height=160
2025-05-01 12:39:35,464 - game_state - INFO - [CARD DEBUG] Found 3 potential card contours
2025-05-01 12:39:35,465 - game_state - INFO - [CARD DEBUG] Contour area: 1.5, min: 2457.6, max: 24576.0
2025-05-01 12:39:35,465 - game_state - INFO - [CARD DEBUG] Contour area: 14827.5, min: 2457.6, max: 24576.0
2025-05-01 12:39:35,465 - game_state - INFO - [CARD DEBUG] Contour aspect ratio: 0.9692307692307692
2025-05-01 12:39:35,469 - game_state - INFO - [CARD DEBUG] Saved card corner image to C:\GitRepositories\poker\debug\card_corner_1746095975.png
2025-05-01 12:39:35,481 - game_state - INFO - [CARD DEBUG] Red pixels: 0, Black pixels: 97
2025-05-01 12:39:35,692 - game_state - INFO - [CARD DEBUG] Raw OCR text: '7'
2025-05-01 12:39:35,693 - game_state - ERROR - Error identifying card: too many indices for array: array is 2-dimensional, but 3 were indexed
Traceback (most recent call last):
  File "C:\GitRepositories\poker\src\game_state.py", line 650, in _identify_card
    spade_score = self._detect_spade_shape(contours, black_processed.shape)
  File "C:\GitRepositories\poker\src\game_state.py", line 875, in _detect_spade_shape
    bottom_width = np.max(bottom_part[:, :, 0]) - np.min(bottom_part[:, :, 0])
                          ~~~~~~~~~~~^^^^^^^^^
IndexError: too many indices for array: array is 2-dimensional, but 3 were indexed
2025-05-01 12:39:35,694 - game_state - INFO - [CARD DEBUG] Failed to identify card rank/suit
2025-05-01 12:39:35,695 - game_state - INFO - [CARD DEBUG] Contour area: 14616.5, min: 2457.6, max: 24576.0
2025-05-01 12:39:35,695 - game_state - INFO - [CARD DEBUG] Contour aspect ratio: 0.9692307692307692
2025-05-01 12:39:35,696 - game_state - INFO - [CARD DEBUG] Saved card corner image to C:\GitRepositories\poker\debug\card_corner_1746095975.png
2025-05-01 12:39:35,698 - game_state - INFO - [CARD DEBUG] Red pixels: 189, Black pixels: 0
2025-05-01 12:39:35,892 - game_state - INFO - [CARD DEBUG] Raw OCR text: 'J'
2025-05-01 12:39:35,893 - game_state - INFO - [CARD DEBUG] Heart score: 10, Diamond score: 0
2025-05-01 12:39:35,894 - game_state - INFO - [CARD DEBUG] Successfully identified card: Jh, is_red=True
2025-05-01 12:39:35,894 - game_state - INFO - [CARD DEBUG] Detected player card: Jh
2025-05-01 12:39:35,895 - game_state - INFO - [CARD DEBUG] Total card-like contours found: 2
2025-05-01 12:39:36,106 - game_state - INFO - [CARD DEBUG] Saved debug image to C:\GitRepositories\poker\debug\player_cards_debug_1746095975.png
2025-05-01 12:39:36,115 - game_state - INFO - [CARD DEBUG] Saved card mask to C:\GitRepositories\poker\debug\player_cards_mask_1746095976.png
2025-05-01 12:39:36,341 - game_state - INFO - Detected pot size: $0.03
2025-05-01 12:39:36,345 - game_state - INFO - Saved pot size debug image to C:\GitRepositories\poker\debug\pot_size_1746095976.png
2025-05-01 12:39:36,816 - game_state - INFO - Saved dealer button debug image to C:\GitRepositories\poker\debug\dealer_button_1746095976.png
2025-05-01 12:39:36,817 - game_state - INFO - Detected position: early (dealer on right)
2025-05-01 12:39:36,827 - game_state - INFO - Saved turn detection debug image to C:\GitRepositories\poker\debug\turn_detection_1746095976.png
2025-05-01 12:39:36,835 - game_state - INFO - Saved turn detection debug image to C:\GitRepositories\poker\debug\turn_detection_1746095976.png
2025-05-01 12:39:36,836 - game_state - INFO - Game state detected: 1 player cards, 0 community cards, pot: 0.03, is_our_turn: False
2025-05-01 12:39:36,836 - hand_analyzer - INFO - Hand analysis: incomplete (strength: 0.00, win probability: 0.00%)
2025-05-01 12:39:36,836 - decision_maker - WARNING - Asked to make decision but it's not our turn
2025-05-01 12:39:36,836 - bet_placer - INFO - Executing action: check
2025-05-01 12:39:38,511 - bet_placer - INFO - Clicked check button at (1487.4593399677392, 1340.2961956750025)
2025-05-01 12:39:40,646 - game_state - INFO - Screenshot size: 2560x1600
2025-05-01 12:39:40,648 - game_state - INFO - Target window 'NL Hold' found and visible
2025-05-01 12:39:40,649 - game_state - INFO - Poker window detected by window title
2025-05-01 12:39:40,649 - game_state - INFO - [CARD DEBUG] Screenshot size: 2560x1600
2025-05-01 12:39:40,649 - game_state - INFO - [CARD DEBUG] Player card ROI: x=768, y=960, width=512, height=160
2025-05-01 12:39:40,653 - game_state - INFO - [CARD DEBUG] Found 3 potential card contours
2025-05-01 12:39:40,653 - game_state - INFO - [CARD DEBUG] Contour area: 1.5, min: 2457.6, max: 24576.0
2025-05-01 12:39:40,654 - game_state - INFO - [CARD DEBUG] Contour area: 14827.5, min: 2457.6, max: 24576.0
2025-05-01 12:39:40,654 - game_state - INFO - [CARD DEBUG] Contour aspect ratio: 0.9692307692307692
2025-05-01 12:39:40,664 - game_state - INFO - [CARD DEBUG] Saved card corner image to C:\GitRepositories\poker\debug\card_corner_1746095980.png
2025-05-01 12:39:40,669 - game_state - INFO - [CARD DEBUG] Red pixels: 0, Black pixels: 97
2025-05-01 12:39:40,919 - game_state - INFO - [CARD DEBUG] Raw OCR text: '7'
2025-05-01 12:39:40,920 - game_state - ERROR - Error identifying card: too many indices for array: array is 2-dimensional, but 3 were indexed
Traceback (most recent call last):
  File "C:\GitRepositories\poker\src\game_state.py", line 650, in _identify_card
    spade_score = self._detect_spade_shape(contours, black_processed.shape)
  File "C:\GitRepositories\poker\src\game_state.py", line 875, in _detect_spade_shape
    bottom_width = np.max(bottom_part[:, :, 0]) - np.min(bottom_part[:, :, 0])
                          ~~~~~~~~~~~^^^^^^^^^
IndexError: too many indices for array: array is 2-dimensional, but 3 were indexed
2025-05-01 12:39:40,922 - game_state - INFO - [CARD DEBUG] Failed to identify card rank/suit
2025-05-01 12:39:40,922 - game_state - INFO - [CARD DEBUG] Contour area: 14616.5, min: 2457.6, max: 24576.0
2025-05-01 12:39:40,922 - game_state - INFO - [CARD DEBUG] Contour aspect ratio: 0.9692307692307692
2025-05-01 12:39:40,924 - game_state - INFO - [CARD DEBUG] Saved card corner image to C:\GitRepositories\poker\debug\card_corner_1746095980.png
2025-05-01 12:39:40,926 - game_state - INFO - [CARD DEBUG] Red pixels: 189, Black pixels: 0
2025-05-01 12:39:41,126 - game_state - INFO - [CARD DEBUG] Raw OCR text: 'J'
2025-05-01 12:39:41,127 - game_state - INFO - [CARD DEBUG] Heart score: 10, Diamond score: 0
2025-05-01 12:39:41,127 - game_state - INFO - [CARD DEBUG] Successfully identified card: Jh, is_red=True
2025-05-01 12:39:41,128 - game_state - INFO - [CARD DEBUG] Detected player card: Jh
2025-05-01 12:39:41,128 - game_state - INFO - [CARD DEBUG] Total card-like contours found: 2
2025-05-01 12:39:41,345 - game_state - INFO - [CARD DEBUG] Saved debug image to C:\GitRepositories\poker\debug\player_cards_debug_1746095981.png
2025-05-01 12:39:41,348 - game_state - INFO - [CARD DEBUG] Saved card mask to C:\GitRepositories\poker\debug\player_cards_mask_1746095981.png
2025-05-01 12:39:41,587 - game_state - INFO - Detected pot size: $0.08
2025-05-01 12:39:41,592 - game_state - INFO - Saved pot size debug image to C:\GitRepositories\poker\debug\pot_size_1746095981.png
2025-05-01 12:39:42,105 - game_state - INFO - Saved dealer button debug image to C:\GitRepositories\poker\debug\dealer_button_1746095982.png
2025-05-01 12:39:42,106 - game_state - INFO - Detected position: early (dealer on right)
2025-05-01 12:39:42,121 - game_state - INFO - Saved turn detection debug image to C:\GitRepositories\poker\debug\turn_detection_1746095982.png
2025-05-01 12:39:42,135 - game_state - INFO - Saved turn detection debug image to C:\GitRepositories\poker\debug\turn_detection_1746095982.png
2025-05-01 12:39:42,136 - game_state - INFO - Game state detected: 1 player cards, 0 community cards, pot: 0.08, is_our_turn: False
2025-05-01 12:39:42,136 - hand_analyzer - INFO - Hand analysis: incomplete (strength: 0.00, win probability: 0.00%)
2025-05-01 12:39:42,136 - decision_maker - WARNING - Asked to make decision but it's not our turn
2025-05-01 12:39:42,137 - bet_placer - INFO - Executing action: check
2025-05-01 12:39:43,811 - bet_placer - INFO - Clicked check button at (1482.2792685750521, 1341.7556711517677)
2025-05-01 12:39:45,942 - game_state - INFO - Screenshot size: 2560x1600
2025-05-01 12:39:45,944 - game_state - INFO - Target window 'NL Hold' found and visible
2025-05-01 12:39:45,944 - game_state - INFO - Poker window detected by window title
2025-05-01 12:39:45,945 - game_state - INFO - [CARD DEBUG] Screenshot size: 2560x1600
2025-05-01 12:39:45,945 - game_state - INFO - [CARD DEBUG] Player card ROI: x=768, y=960, width=512, height=160
2025-05-01 12:39:45,948 - game_state - INFO - [CARD DEBUG] Found 0 potential card contours
2025-05-01 12:39:45,949 - game_state - INFO - [CARD DEBUG] Total card-like contours found: 0
2025-05-01 12:39:46,140 - game_state - INFO - [CARD DEBUG] Saved debug image to C:\GitRepositories\poker\debug\player_cards_debug_1746095985.png
2025-05-01 12:39:46,150 - game_state - INFO - [CARD DEBUG] Saved card mask to C:\GitRepositories\poker\debug\player_cards_mask_1746095986.png
2025-05-01 12:39:46,849 - game_state - INFO - Saved turn detection debug image to C:\GitRepositories\poker\debug\turn_detection_1746095986.png
2025-05-01 12:39:46,862 - game_state - INFO - Saved turn detection debug image to C:\GitRepositories\poker\debug\turn_detection_1746095986.png
2025-05-01 12:39:46,864 - game_state - INFO - Game state detected: 0 player cards, 0 community cards, pot: 0.0, is_our_turn: False
2025-05-01 12:39:46,864 - hand_analyzer - WARNING - Cannot analyze hand: No player cards detected
2025-05-01 12:39:46,865 - decision_maker - WARNING - Asked to make decision but it's not our turn
2025-05-01 12:39:46,865 - bet_placer - INFO - Executing action: check
2025-05-01 12:39:48,544 - bet_placer - INFO - Clicked check button at (1483.979359158099, 1341.778347881623)
2025-05-01 12:39:50,678 - game_state - INFO - Screenshot size: 2560x1600
2025-05-01 12:39:50,680 - game_state - INFO - Target window 'NL Hold' found and visible
2025-05-01 12:39:50,680 - game_state - INFO - Poker window detected by window title
2025-05-01 12:39:50,681 - game_state - INFO - [CARD DEBUG] Screenshot size: 2560x1600
2025-05-01 12:39:50,681 - game_state - INFO - [CARD DEBUG] Player card ROI: x=768, y=960, width=512, height=160
2025-05-01 12:39:50,684 - game_state - INFO - [CARD DEBUG] Found 3 potential card contours
2025-05-01 12:39:50,684 - game_state - INFO - [CARD DEBUG] Contour area: 1.5, min: 2457.6, max: 24576.0
2025-05-01 12:39:50,685 - game_state - INFO - [CARD DEBUG] Contour area: 14628.5, min: 2457.6, max: 24576.0
2025-05-01 12:39:50,685 - game_state - INFO - [CARD DEBUG] Contour aspect ratio: 0.9692307692307692
2025-05-01 12:39:50,694 - game_state - INFO - [CARD DEBUG] Saved card corner image to C:\GitRepositories\poker\debug\card_corner_1746095990.png
2025-05-01 12:39:50,697 - game_state - INFO - [CARD DEBUG] Red pixels: 331, Black pixels: 0
2025-05-01 12:39:50,906 - game_state - INFO - [CARD DEBUG] Raw OCR text: '6'
2025-05-01 12:39:50,907 - game_state - INFO - [CARD DEBUG] Heart score: 10, Diamond score: 0
2025-05-01 12:39:50,907 - game_state - INFO - [CARD DEBUG] Successfully identified card: 6h, is_red=True
2025-05-01 12:39:50,907 - game_state - INFO - [CARD DEBUG] Detected player card: 6h
2025-05-01 12:39:50,908 - game_state - INFO - [CARD DEBUG] Contour area: 14770.5, min: 2457.6, max: 24576.0
2025-05-01 12:39:50,908 - game_state - INFO - [CARD DEBUG] Contour aspect ratio: 0.9767441860465116
2025-05-01 12:39:50,910 - game_state - INFO - [CARD DEBUG] Saved card corner image to C:\GitRepositories\poker\debug\card_corner_1746095990.png
2025-05-01 12:39:50,912 - game_state - INFO - [CARD DEBUG] Red pixels: 207, Black pixels: 0
2025-05-01 12:39:51,121 - game_state - INFO - [CARD DEBUG] Raw OCR text: '7'
2025-05-01 12:39:51,122 - game_state - INFO - [CARD DEBUG] Heart score: 15, Diamond score: 15
2025-05-01 12:39:51,122 - game_state - INFO - [CARD DEBUG] Successfully identified card: 7d, is_red=True
2025-05-01 12:39:51,122 - game_state - INFO - [CARD DEBUG] Detected player card: 7d
2025-05-01 12:39:51,122 - game_state - INFO - [CARD DEBUG] Total card-like contours found: 2
2025-05-01 12:39:51,338 - game_state - INFO - [CARD DEBUG] Saved debug image to C:\GitRepositories\poker\debug\player_cards_debug_1746095991.png
2025-05-01 12:39:51,340 - game_state - INFO - [CARD DEBUG] Saved card mask to C:\GitRepositories\poker\debug\player_cards_mask_1746095991.png
2025-05-01 12:39:51,552 - game_state - INFO - Detected pot size: $0.03
2025-05-01 12:39:51,558 - game_state - INFO - Saved pot size debug image to C:\GitRepositories\poker\debug\pot_size_1746095991.png
2025-05-01 12:39:52,054 - game_state - INFO - Saved dealer button debug image to C:\GitRepositories\poker\debug\dealer_button_1746095992.png
2025-05-01 12:39:52,054 - game_state - INFO - Detected position: middle (dealer in middle)
2025-05-01 12:39:52,064 - game_state - INFO - Saved turn detection debug image to C:\GitRepositories\poker\debug\turn_detection_1746095992.png
2025-05-01 12:39:52,073 - game_state - INFO - Saved turn detection debug image to C:\GitRepositories\poker\debug\turn_detection_1746095992.png
2025-05-01 12:39:52,074 - game_state - INFO - Game state detected: 2 player cards, 0 community cards, pot: 0.03, is_our_turn: False
2025-05-01 12:39:52,074 - hand_analyzer - INFO - Hand analysis: connectors (strength: 0.22, win probability: 1.67%)
2025-05-01 12:39:52,075 - decision_maker - WARNING - Asked to make decision but it's not our turn
2025-05-01 12:39:52,075 - bet_placer - INFO - Executing action: check
2025-05-01 12:39:53,762 - bet_placer - INFO - Clicked check button at (1488.7369147471027, 1341.9048657371586)
2025-05-01 12:39:55,926 - game_state - INFO - Screenshot size: 2560x1600
2025-05-01 12:39:55,928 - game_state - INFO - Target window 'NL Hold' found and visible
2025-05-01 12:39:55,929 - game_state - INFO - Poker window detected by window title
2025-05-01 12:39:55,929 - game_state - INFO - [CARD DEBUG] Screenshot size: 2560x1600
2025-05-01 12:39:55,931 - game_state - INFO - [CARD DEBUG] Player card ROI: x=768, y=960, width=512, height=160
2025-05-01 12:39:55,937 - game_state - INFO - [CARD DEBUG] Found 3 potential card contours
2025-05-01 12:39:55,938 - game_state - INFO - [CARD DEBUG] Contour area: 1.5, min: 2457.6, max: 24576.0
2025-05-01 12:39:55,938 - game_state - INFO - [CARD DEBUG] Contour area: 14628.5, min: 2457.6, max: 24576.0
2025-05-01 12:39:55,939 - game_state - INFO - [CARD DEBUG] Contour aspect ratio: 0.9692307692307692
2025-05-01 12:39:55,942 - game_state - INFO - [CARD DEBUG] Saved card corner image to C:\GitRepositories\poker\debug\card_corner_1746095995.png
2025-05-01 12:39:55,953 - game_state - INFO - [CARD DEBUG] Red pixels: 331, Black pixels: 0
2025-05-01 12:39:56,163 - game_state - INFO - [CARD DEBUG] Raw OCR text: '6'
2025-05-01 12:39:56,164 - game_state - INFO - [CARD DEBUG] Heart score: 10, Diamond score: 0
2025-05-01 12:39:56,164 - game_state - INFO - [CARD DEBUG] Successfully identified card: 6h, is_red=True
2025-05-01 12:39:56,164 - game_state - INFO - [CARD DEBUG] Detected player card: 6h
2025-05-01 12:39:56,165 - game_state - INFO - [CARD DEBUG] Contour area: 14770.5, min: 2457.6, max: 24576.0
2025-05-01 12:39:56,165 - game_state - INFO - [CARD DEBUG] Contour aspect ratio: 0.9767441860465116
2025-05-01 12:39:56,167 - game_state - INFO - [CARD DEBUG] Saved card corner image to C:\GitRepositories\poker\debug\card_corner_1746095996.png
2025-05-01 12:39:56,169 - game_state - INFO - [CARD DEBUG] Red pixels: 207, Black pixels: 0
2025-05-01 12:39:56,372 - game_state - INFO - [CARD DEBUG] Raw OCR text: '7'
2025-05-01 12:39:56,372 - game_state - INFO - [CARD DEBUG] Heart score: 15, Diamond score: 15
2025-05-01 12:39:56,373 - game_state - INFO - [CARD DEBUG] Successfully identified card: 7d, is_red=True
2025-05-01 12:39:56,373 - game_state - INFO - [CARD DEBUG] Detected player card: 7d
2025-05-01 12:39:56,373 - game_state - INFO - [CARD DEBUG] Total card-like contours found: 2
2025-05-01 12:39:56,563 - game_state - INFO - [CARD DEBUG] Saved debug image to C:\GitRepositories\poker\debug\player_cards_debug_1746095996.png
2025-05-01 12:39:56,565 - game_state - INFO - [CARD DEBUG] Saved card mask to C:\GitRepositories\poker\debug\player_cards_mask_1746095996.png
2025-05-01 12:39:56,779 - game_state - INFO - Detected pot size: $0.08
2025-05-01 12:39:56,784 - game_state - INFO - Saved pot size debug image to C:\GitRepositories\poker\debug\pot_size_1746095996.png
2025-05-01 12:39:57,300 - game_state - INFO - Saved dealer button debug image to C:\GitRepositories\poker\debug\dealer_button_1746095997.png
2025-05-01 12:39:57,301 - game_state - INFO - Detected position: middle (dealer in middle)
2025-05-01 12:39:57,314 - game_state - INFO - Saved turn detection debug image to C:\GitRepositories\poker\debug\turn_detection_1746095997.png
2025-05-01 12:39:57,329 - game_state - INFO - Saved turn detection debug image to C:\GitRepositories\poker\debug\turn_detection_1746095997.png
2025-05-01 12:39:57,330 - game_state - INFO - Game state detected: 2 player cards, 0 community cards, pot: 0.08, is_our_turn: False
2025-05-01 12:39:57,330 - hand_analyzer - INFO - Hand analysis: connectors (strength: 0.22, win probability: 1.67%)
2025-05-01 12:39:57,331 - decision_maker - WARNING - Asked to make decision but it's not our turn
2025-05-01 12:39:57,331 - bet_placer - INFO - Executing action: check
2025-05-01 12:39:59,014 - bet_placer - INFO - Clicked check button at (1487.4163247621302, 1340.7030820976395)
2025-05-01 12:40:01,138 - game_state - INFO - Screenshot size: 2560x1600
2025-05-01 12:40:01,139 - game_state - INFO - Target window 'NL Hold' found and visible
2025-05-01 12:40:01,140 - game_state - INFO - Poker window detected by window title
2025-05-01 12:40:01,140 - game_state - INFO - [CARD DEBUG] Screenshot size: 2560x1600
2025-05-01 12:40:01,141 - game_state - INFO - [CARD DEBUG] Player card ROI: x=768, y=960, width=512, height=160
2025-05-01 12:40:01,145 - game_state - INFO - [CARD DEBUG] Found 0 potential card contours
2025-05-01 12:40:01,145 - game_state - INFO - [CARD DEBUG] Total card-like contours found: 0
2025-05-01 12:40:01,368 - game_state - INFO - [CARD DEBUG] Saved debug image to C:\GitRepositories\poker\debug\player_cards_debug_1746096001.png
2025-05-01 12:40:01,377 - game_state - INFO - [CARD DEBUG] Saved card mask to C:\GitRepositories\poker\debug\player_cards_mask_1746096001.png
2025-05-01 12:40:01,603 - game_state - INFO - Detected pot size: $0.08
2025-05-01 12:40:01,607 - game_state - INFO - Saved pot size debug image to C:\GitRepositories\poker\debug\pot_size_1746096001.png
2025-05-01 12:40:01,978 - game_state - INFO - Saved dealer button debug image to C:\GitRepositories\poker\debug\dealer_button_1746096001.png
2025-05-01 12:40:01,979 - game_state - INFO - Detected position: middle (dealer in middle)
2025-05-01 12:40:01,990 - game_state - INFO - Saved turn detection debug image to C:\GitRepositories\poker\debug\turn_detection_1746096001.png
2025-05-01 12:40:01,999 - game_state - INFO - Saved turn detection debug image to C:\GitRepositories\poker\debug\turn_detection_1746096001.png
2025-05-01 12:40:02,000 - game_state - INFO - Game state detected: 0 player cards, 0 community cards, pot: 0.08, is_our_turn: False
2025-05-01 12:40:02,000 - hand_analyzer - WARNING - Cannot analyze hand: No player cards detected
2025-05-01 12:40:02,001 - decision_maker - WARNING - Asked to make decision but it's not our turn
2025-05-01 12:40:02,001 - bet_placer - INFO - Executing action: check
2025-05-01 12:40:03,678 - bet_placer - INFO - Clicked check button at (1487.7564165240804, 1342.0850687937143)
2025-05-01 12:40:05,797 - game_state - INFO - Screenshot size: 2560x1600
2025-05-01 12:40:05,799 - game_state - INFO - Target window 'NL Hold' found and visible
2025-05-01 12:40:05,800 - game_state - INFO - Poker window detected by window title
2025-05-01 12:40:05,800 - game_state - INFO - [CARD DEBUG] Screenshot size: 2560x1600
2025-05-01 12:40:05,800 - game_state - INFO - [CARD DEBUG] Player card ROI: x=768, y=960, width=512, height=160
2025-05-01 12:40:05,804 - game_state - INFO - [CARD DEBUG] Found 3 potential card contours
2025-05-01 12:40:05,804 - game_state - INFO - [CARD DEBUG] Contour area: 1.5, min: 2457.6, max: 24576.0
2025-05-01 12:40:05,805 - game_state - INFO - [CARD DEBUG] Contour area: 14781.5, min: 2457.6, max: 24576.0
2025-05-01 12:40:05,805 - game_state - INFO - [CARD DEBUG] Contour aspect ratio: 0.9692307692307692
2025-05-01 12:40:05,809 - game_state - INFO - [CARD DEBUG] Saved card corner image to C:\GitRepositories\poker\debug\card_corner_1746096005.png
2025-05-01 12:40:05,823 - game_state - INFO - [CARD DEBUG] Red pixels: 208, Black pixels: 0
2025-05-01 12:40:06,048 - game_state - INFO - [CARD DEBUG] Raw OCR text: '7'
2025-05-01 12:40:06,049 - game_state - INFO - [CARD DEBUG] Heart score: 10, Diamond score: 15
2025-05-01 12:40:06,049 - game_state - INFO - [CARD DEBUG] Successfully identified card: 7d, is_red=True
2025-05-01 12:40:06,050 - game_state - INFO - [CARD DEBUG] Detected player card: 7d
2025-05-01 12:40:06,050 - game_state - INFO - [CARD DEBUG] Contour area: 14815.5, min: 2457.6, max: 24576.0
2025-05-01 12:40:06,050 - game_state - INFO - [CARD DEBUG] Contour aspect ratio: 0.9692307692307692
2025-05-01 12:40:06,052 - game_state - INFO - [CARD DEBUG] Saved card corner image to C:\GitRepositories\poker\debug\card_corner_1746096006.png
2025-05-01 12:40:06,054 - game_state - INFO - [CARD DEBUG] Red pixels: 0, Black pixels: 173
2025-05-01 12:40:06,270 - game_state - INFO - [CARD DEBUG] Raw OCR text: '8'
2025-05-01 12:40:06,271 - game_state - ERROR - Error identifying card: too many indices for array: array is 2-dimensional, but 3 were indexed
Traceback (most recent call last):
  File "C:\GitRepositories\poker\src\game_state.py", line 650, in _identify_card
    spade_score = self._detect_spade_shape(contours, black_processed.shape)
  File "C:\GitRepositories\poker\src\game_state.py", line 875, in _detect_spade_shape
    bottom_width = np.max(bottom_part[:, :, 0]) - np.min(bottom_part[:, :, 0])
                          ~~~~~~~~~~~^^^^^^^^^
IndexError: too many indices for array: array is 2-dimensional, but 3 were indexed
2025-05-01 12:40:06,272 - game_state - INFO - [CARD DEBUG] Failed to identify card rank/suit
2025-05-01 12:40:06,273 - game_state - INFO - [CARD DEBUG] Total card-like contours found: 2
2025-05-01 12:40:06,493 - game_state - INFO - [CARD DEBUG] Saved debug image to C:\GitRepositories\poker\debug\player_cards_debug_1746096006.png
2025-05-01 12:40:06,496 - game_state - INFO - [CARD DEBUG] Saved card mask to C:\GitRepositories\poker\debug\player_cards_mask_1746096006.png
2025-05-01 12:40:06,719 - game_state - INFO - Detected pot size: $0.03
2025-05-01 12:40:06,724 - game_state - INFO - Saved pot size debug image to C:\GitRepositories\poker\debug\pot_size_1746096006.png
2025-05-01 12:40:07,197 - game_state - INFO - Saved dealer button debug image to C:\GitRepositories\poker\debug\dealer_button_1746096007.png
2025-05-01 12:40:07,198 - game_state - INFO - Detected position: late (dealer on left)
2025-05-01 12:40:07,213 - game_state - INFO - Saved turn detection debug image to C:\GitRepositories\poker\debug\turn_detection_1746096007.png
2025-05-01 12:40:07,225 - game_state - INFO - Saved turn detection debug image to C:\GitRepositories\poker\debug\turn_detection_1746096007.png
2025-05-01 12:40:07,226 - game_state - INFO - Game state detected: 1 player cards, 0 community cards, pot: 0.03, is_our_turn: False
2025-05-01 12:40:07,226 - hand_analyzer - INFO - Hand analysis: incomplete (strength: 0.00, win probability: 0.00%)
2025-05-01 12:40:07,226 - decision_maker - WARNING - Asked to make decision but it's not our turn
2025-05-01 12:40:07,227 - bet_placer - INFO - Executing action: check
2025-05-01 12:40:08,912 - bet_placer - INFO - Clicked check button at (1480.369561098786, 1341.8811747415261)
2025-05-01 12:40:11,021 - game_state - INFO - Screenshot size: 2560x1600
2025-05-01 12:40:11,023 - game_state - INFO - Target window 'NL Hold' found and visible
2025-05-01 12:40:11,023 - game_state - INFO - Poker window detected by window title
2025-05-01 12:40:11,023 - game_state - INFO - [CARD DEBUG] Screenshot size: 2560x1600
2025-05-01 12:40:11,024 - game_state - INFO - [CARD DEBUG] Player card ROI: x=768, y=960, width=512, height=160
2025-05-01 12:40:11,027 - game_state - INFO - [CARD DEBUG] Found 3 potential card contours
2025-05-01 12:40:11,028 - game_state - INFO - [CARD DEBUG] Contour area: 1.5, min: 2457.6, max: 24576.0
2025-05-01 12:40:11,028 - game_state - INFO - [CARD DEBUG] Contour area: 14781.5, min: 2457.6, max: 24576.0
2025-05-01 12:40:11,029 - game_state - INFO - [CARD DEBUG] Contour aspect ratio: 0.9692307692307692
2025-05-01 12:40:11,038 - game_state - INFO - [CARD DEBUG] Saved card corner image to C:\GitRepositories\poker\debug\card_corner_1746096011.png
2025-05-01 12:40:11,042 - game_state - INFO - [CARD DEBUG] Red pixels: 208, Black pixels: 0
2025-05-01 12:40:11,242 - game_state - INFO - [CARD DEBUG] Raw OCR text: '7'
2025-05-01 12:40:11,243 - game_state - INFO - [CARD DEBUG] Heart score: 10, Diamond score: 15
2025-05-01 12:40:11,243 - game_state - INFO - [CARD DEBUG] Successfully identified card: 7d, is_red=True
2025-05-01 12:40:11,244 - game_state - INFO - [CARD DEBUG] Detected player card: 7d
2025-05-01 12:40:11,244 - game_state - INFO - [CARD DEBUG] Contour area: 14815.5, min: 2457.6, max: 24576.0
2025-05-01 12:40:11,245 - game_state - INFO - [CARD DEBUG] Contour aspect ratio: 0.9692307692307692
2025-05-01 12:40:11,247 - game_state - INFO - [CARD DEBUG] Saved card corner image to C:\GitRepositories\poker\debug\card_corner_1746096011.png
2025-05-01 12:40:11,250 - game_state - INFO - [CARD DEBUG] Red pixels: 0, Black pixels: 173
2025-05-01 12:40:11,452 - game_state - INFO - [CARD DEBUG] Raw OCR text: '8'
2025-05-01 12:40:11,453 - game_state - ERROR - Error identifying card: too many indices for array: array is 2-dimensional, but 3 were indexed
Traceback (most recent call last):
  File "C:\GitRepositories\poker\src\game_state.py", line 650, in _identify_card
    spade_score = self._detect_spade_shape(contours, black_processed.shape)
  File "C:\GitRepositories\poker\src\game_state.py", line 875, in _detect_spade_shape
    bottom_width = np.max(bottom_part[:, :, 0]) - np.min(bottom_part[:, :, 0])
                          ~~~~~~~~~~~^^^^^^^^^
IndexError: too many indices for array: array is 2-dimensional, but 3 were indexed
2025-05-01 12:40:11,454 - game_state - INFO - [CARD DEBUG] Failed to identify card rank/suit
2025-05-01 12:40:11,454 - game_state - INFO - [CARD DEBUG] Total card-like contours found: 2
2025-05-01 12:40:11,673 - game_state - INFO - [CARD DEBUG] Saved debug image to C:\GitRepositories\poker\debug\player_cards_debug_1746096011.png
2025-05-01 12:40:11,675 - game_state - INFO - [CARD DEBUG] Saved card mask to C:\GitRepositories\poker\debug\player_cards_mask_1746096011.png
2025-05-01 12:40:11,887 - game_state - INFO - Detected pot size: $0.03
2025-05-01 12:40:11,892 - game_state - INFO - Saved pot size debug image to C:\GitRepositories\poker\debug\pot_size_1746096011.png
2025-05-01 12:40:12,344 - game_state - INFO - Saved dealer button debug image to C:\GitRepositories\poker\debug\dealer_button_1746096012.png
2025-05-01 12:40:12,345 - game_state - INFO - Detected position: late (dealer on left)
2025-05-01 12:40:12,357 - game_state - INFO - Saved turn detection debug image to C:\GitRepositories\poker\debug\turn_detection_1746096012.png
2025-05-01 12:40:12,368 - game_state - INFO - Saved turn detection debug image to C:\GitRepositories\poker\debug\turn_detection_1746096012.png
2025-05-01 12:40:12,369 - game_state - INFO - Game state detected: 1 player cards, 0 community cards, pot: 0.03, is_our_turn: False
2025-05-01 12:40:12,369 - hand_analyzer - INFO - Hand analysis: incomplete (strength: 0.00, win probability: 0.00%)
2025-05-01 12:40:12,370 - decision_maker - WARNING - Asked to make decision but it's not our turn
2025-05-01 12:40:12,370 - bet_placer - INFO - Executing action: check
2025-05-01 12:40:14,046 - bet_placer - INFO - Clicked check button at (1482.9427652986242, 1340.0455735627202)
2025-05-01 12:40:16,178 - game_state - INFO - Screenshot size: 2560x1600
2025-05-01 12:40:16,180 - game_state - INFO - Target window 'NL Hold' found and visible
2025-05-01 12:40:16,180 - game_state - INFO - Poker window detected by window title
2025-05-01 12:40:16,181 - game_state - INFO - [CARD DEBUG] Screenshot size: 2560x1600
2025-05-01 12:40:16,181 - game_state - INFO - [CARD DEBUG] Player card ROI: x=768, y=960, width=512, height=160
2025-05-01 12:40:16,185 - game_state - INFO - [CARD DEBUG] Found 3 potential card contours
2025-05-01 12:40:16,186 - game_state - INFO - [CARD DEBUG] Contour area: 1.5, min: 2457.6, max: 24576.0
2025-05-01 12:40:16,186 - game_state - INFO - [CARD DEBUG] Contour area: 14781.5, min: 2457.6, max: 24576.0
2025-05-01 12:40:16,187 - game_state - INFO - [CARD DEBUG] Contour aspect ratio: 0.9692307692307692
2025-05-01 12:40:16,190 - game_state - INFO - [CARD DEBUG] Saved card corner image to C:\GitRepositories\poker\debug\card_corner_1746096016.png
2025-05-01 12:40:16,193 - game_state - INFO - [CARD DEBUG] Red pixels: 208, Black pixels: 0
2025-05-01 12:40:16,413 - game_state - INFO - [CARD DEBUG] Raw OCR text: '7'
2025-05-01 12:40:16,414 - game_state - INFO - [CARD DEBUG] Heart score: 10, Diamond score: 15
2025-05-01 12:40:16,414 - game_state - INFO - [CARD DEBUG] Successfully identified card: 7d, is_red=True
2025-05-01 12:40:16,414 - game_state - INFO - [CARD DEBUG] Detected player card: 7d
2025-05-01 12:40:16,415 - game_state - INFO - [CARD DEBUG] Contour area: 14815.5, min: 2457.6, max: 24576.0
2025-05-01 12:40:16,415 - game_state - INFO - [CARD DEBUG] Contour aspect ratio: 0.9692307692307692
2025-05-01 12:40:16,417 - game_state - INFO - [CARD DEBUG] Saved card corner image to C:\GitRepositories\poker\debug\card_corner_1746096016.png
2025-05-01 12:40:16,419 - game_state - INFO - [CARD DEBUG] Red pixels: 0, Black pixels: 173
2025-05-01 12:40:16,617 - game_state - INFO - [CARD DEBUG] Raw OCR text: '8'
2025-05-01 12:40:16,618 - game_state - ERROR - Error identifying card: too many indices for array: array is 2-dimensional, but 3 were indexed
Traceback (most recent call last):
  File "C:\GitRepositories\poker\src\game_state.py", line 650, in _identify_card
    spade_score = self._detect_spade_shape(contours, black_processed.shape)
  File "C:\GitRepositories\poker\src\game_state.py", line 875, in _detect_spade_shape
    bottom_width = np.max(bottom_part[:, :, 0]) - np.min(bottom_part[:, :, 0])
                          ~~~~~~~~~~~^^^^^^^^^
IndexError: too many indices for array: array is 2-dimensional, but 3 were indexed
2025-05-01 12:40:16,619 - game_state - INFO - [CARD DEBUG] Failed to identify card rank/suit
2025-05-01 12:40:16,620 - game_state - INFO - [CARD DEBUG] Total card-like contours found: 2
2025-05-01 12:40:16,816 - game_state - INFO - [CARD DEBUG] Saved debug image to C:\GitRepositories\poker\debug\player_cards_debug_1746096016.png
2025-05-01 12:40:16,819 - game_state - INFO - [CARD DEBUG] Saved card mask to C:\GitRepositories\poker\debug\player_cards_mask_1746096016.png
2025-05-01 12:40:17,051 - game_state - INFO - Detected pot size: $0.03
2025-05-01 12:40:17,057 - game_state - INFO - Saved pot size debug image to C:\GitRepositories\poker\debug\pot_size_1746096017.png
2025-05-01 12:40:17,548 - game_state - INFO - Saved dealer button debug image to C:\GitRepositories\poker\debug\dealer_button_1746096017.png
2025-05-01 12:40:17,549 - game_state - INFO - Detected position: late (dealer on left)
2025-05-01 12:40:17,562 - game_state - INFO - Saved turn detection debug image to C:\GitRepositories\poker\debug\turn_detection_1746096017.png
2025-05-01 12:40:17,582 - game_state - INFO - Saved turn detection debug image to C:\GitRepositories\poker\debug\turn_detection_1746096017.png
2025-05-01 12:40:17,583 - game_state - INFO - Game state detected: 1 player cards, 0 community cards, pot: 0.03, is_our_turn: False
2025-05-01 12:40:17,584 - hand_analyzer - INFO - Hand analysis: incomplete (strength: 0.00, win probability: 0.00%)
2025-05-01 12:40:17,584 - decision_maker - WARNING - Asked to make decision but it's not our turn
2025-05-01 12:40:17,585 - bet_placer - INFO - Executing action: check
2025-05-01 12:40:19,264 - bet_placer - INFO - Clicked check button at (1488.1386843034347, 1345.2646329184436)
2025-05-01 12:40:21,388 - game_state - INFO - Screenshot size: 2560x1600
2025-05-01 12:40:21,389 - game_state - INFO - Target window 'NL Hold' found and visible
2025-05-01 12:40:21,390 - game_state - INFO - Poker window detected by window title
2025-05-01 12:40:21,390 - game_state - INFO - [CARD DEBUG] Screenshot size: 2560x1600
2025-05-01 12:40:21,390 - game_state - INFO - [CARD DEBUG] Player card ROI: x=768, y=960, width=512, height=160
2025-05-01 12:40:21,391 - game_state - INFO - [CARD DEBUG] Found 0 potential card contours
2025-05-01 12:40:21,392 - game_state - INFO - [CARD DEBUG] Total card-like contours found: 0
2025-05-01 12:40:21,491 - game_state - INFO - [CARD DEBUG] Saved debug image to C:\GitRepositories\poker\debug\player_cards_debug_1746096021.png
2025-05-01 12:40:21,492 - game_state - INFO - [CARD DEBUG] Saved card mask to C:\GitRepositories\poker\debug\player_cards_mask_1746096021.png
2025-05-01 12:40:21,611 - game_state - INFO - Detected pot size: $0.08
2025-05-01 12:40:21,614 - game_state - INFO - Saved pot size debug image to C:\GitRepositories\poker\debug\pot_size_1746096021.png
2025-05-01 12:40:21,740 - game_state - INFO - Detected current bet: $5.00
2025-05-01 12:40:21,742 - game_state - INFO - Saved current bet debug image to C:\GitRepositories\poker\debug\current_bet_1746096021.png
2025-05-01 12:40:21,889 - game_state - INFO - Saved dealer button debug image to C:\GitRepositories\poker\debug\dealer_button_1746096021.png
2025-05-01 12:40:21,890 - game_state - INFO - Detected position: late (dealer on left)
2025-05-01 12:40:21,899 - game_state - INFO - Saved turn detection debug image to C:\GitRepositories\poker\debug\turn_detection_1746096021.png
2025-05-01 12:40:21,907 - game_state - INFO - Saved turn detection debug image to C:\GitRepositories\poker\debug\turn_detection_1746096021.png
2025-05-01 12:40:21,908 - game_state - INFO - Game state detected: 0 player cards, 0 community cards, pot: 0.08, is_our_turn: False
2025-05-01 12:40:21,908 - hand_analyzer - WARNING - Cannot analyze hand: No player cards detected
2025-05-01 12:40:21,908 - decision_maker - WARNING - Asked to make decision but it's not our turn
2025-05-01 12:40:21,908 - bet_placer - INFO - Executing action: check
2025-05-01 12:40:23,580 - bet_placer - INFO - Clicked check button at (1479.022265435843, 1345.1949753116003)
2025-05-01 12:40:25,697 - game_state - INFO - Screenshot size: 2560x1600
2025-05-01 12:40:25,698 - game_state - INFO - Target window 'NL Hold' found and visible
2025-05-01 12:40:25,699 - game_state - INFO - Poker window detected by window title
2025-05-01 12:40:25,699 - game_state - INFO - [CARD DEBUG] Screenshot size: 2560x1600
2025-05-01 12:40:25,699 - game_state - INFO - [CARD DEBUG] Player card ROI: x=768, y=960, width=512, height=160
2025-05-01 12:40:25,702 - game_state - INFO - [CARD DEBUG] Found 0 potential card contours
2025-05-01 12:40:25,703 - game_state - INFO - [CARD DEBUG] Total card-like contours found: 0
2025-05-01 12:40:25,920 - game_state - INFO - [CARD DEBUG] Saved debug image to C:\GitRepositories\poker\debug\player_cards_debug_1746096025.png
2025-05-01 12:40:25,923 - game_state - INFO - [CARD DEBUG] Saved card mask to C:\GitRepositories\poker\debug\player_cards_mask_1746096025.png
2025-05-01 12:40:26,151 - __main__ - INFO - Poker Bot stopped by user
2025-05-01 12:40:26,152 - __main__ - INFO - Poker Bot stopped
2025-05-01 12:52:02,862 - screen_capture - INFO - Screen capture initialized
2025-05-01 12:52:02,910 - game_state - INFO - Loaded client template 1 from resources
2025-05-01 12:52:02,959 - game_state - INFO - Loaded client template 2 from resources
2025-05-01 12:52:03,004 - game_state - INFO - Loaded client template 3 from resources
2025-05-01 12:52:03,054 - game_state - INFO - Loaded client template 4 from resources
2025-05-01 12:52:03,100 - game_state - INFO - Loaded client template 5 from resources
2025-05-01 12:52:03,101 - game_state - INFO - Loaded 5 client templates
2025-05-01 12:52:03,101 - game_state - INFO - Template client1 size: 1536x960
2025-05-01 12:52:03,102 - game_state - INFO - Template client2 size: 1536x960
2025-05-01 12:52:03,102 - game_state - INFO - Template client3 size: 1536x960
2025-05-01 12:52:03,103 - game_state - INFO - Template client4 size: 1536x960
2025-05-01 12:52:03,103 - game_state - INFO - Template client5 size: 1536x960
2025-05-01 12:52:03,104 - game_state - INFO - Game state detector initialized
2025-05-01 12:52:03,104 - game_state - INFO - Window title detection is enabled
2025-05-01 12:52:03,104 - hand_analyzer - INFO - Hand analyzer initialized
2025-05-01 12:52:03,105 - decision_maker - INFO - Decision maker initialized (aggression: 0.50, bluff frequency: 0.10)
2025-05-01 12:52:03,148 - bet_placer - INFO - Loaded client template 1 for button detection
2025-05-01 12:52:03,195 - bet_placer - INFO - Loaded client template 2 for button detection
2025-05-01 12:52:03,252 - bet_placer - INFO - Loaded client template 3 for button detection
2025-05-01 12:52:03,312 - bet_placer - INFO - Loaded client template 4 for button detection
2025-05-01 12:52:03,358 - bet_placer - INFO - Loaded client template 5 for button detection
2025-05-01 12:52:03,359 - bet_placer - INFO - Bet placer initialized
2025-05-01 12:52:03,359 - __main__ - INFO - Poker Bot initialized
2025-05-01 12:52:03,360 - __main__ - INFO - Starting poker bot calibration
2025-05-01 12:52:03,361 - bet_placer - INFO - Starting button calibration
2025-05-01 12:52:03,361 - bet_placer - INFO - Attempting automatic button calibration
2025-05-01 12:52:03,361 - screen_capture - INFO - Screen capture initialized
2025-05-01 12:52:04,608 - bet_placer - WARNING - Could not match any client template
2025-05-01 12:52:04,609 - bet_placer - INFO - Starting interactive button calibration
2025-05-01 12:52:19,509 - bet_placer - INFO - Set fold button at (1164, 1385)
2025-05-01 12:52:33,589 - bet_placer - INFO - Set check and call button at (1133, 1374)
2025-05-01 12:52:34,252 - bet_placer - INFO - Set bet and raise button at (1133, 1374)
2025-05-01 12:52:35,015 - bet_placer - INFO - Set bet_input button at (1127, 1373)
2025-05-01 12:52:35,499 - bet_placer - INFO - Set confirm button at (1127, 1373)
2025-05-01 12:52:35,500 - __main__ - INFO - Poker Bot started
2025-05-01 12:52:35,631 - game_state - INFO - Screenshot size: 2560x1600
2025-05-01 12:52:35,634 - game_state - INFO - Target window 'NL Hold' found and visible
2025-05-01 12:52:35,634 - game_state - INFO - Poker window detected by window title
2025-05-01 12:52:35,635 - game_state - INFO - [CARD DEBUG] Screenshot size: 2560x1600
2025-05-01 12:52:35,635 - game_state - INFO - [CARD DEBUG] Player card ROI: x=768, y=960, width=512, height=160
2025-05-01 12:52:35,640 - game_state - INFO - [CARD DEBUG] Found 3 potential card contours
2025-05-01 12:52:35,641 - game_state - INFO - [CARD DEBUG] Contour area: 1.5, min: 2457.6, max: 24576.0
2025-05-01 12:52:35,641 - game_state - INFO - [CARD DEBUG] Contour area: 14917.0, min: 2457.6, max: 24576.0
2025-05-01 12:52:35,642 - game_state - INFO - [CARD DEBUG] Contour aspect ratio: 0.9692307692307692
2025-05-01 12:52:35,644 - game_state - INFO - [CARD DEBUG] Saved card corner image to C:\GitRepositories\poker\debug\card_corner_1746096755.png
2025-05-01 12:52:35,862 - game_state - INFO - [CARD DEBUG] Red pixels: 0, Black pixels: 165
2025-05-01 12:52:36,103 - game_state - INFO - [CARD DEBUG] Raw OCR text: '8'
2025-05-01 12:52:36,104 - game_state - ERROR - Error identifying card: too many indices for array: array is 2-dimensional, but 3 were indexed
Traceback (most recent call last):
  File "C:\GitRepositories\poker\src\game_state.py", line 650, in _identify_card
    spade_score = self._detect_spade_shape(contours, black_processed.shape)
  File "C:\GitRepositories\poker\src\game_state.py", line 879, in _detect_spade_shape
    x_coords = bottom_part[:, :, 0]
               ~~~~~~~~~~~^^^^^^^^^
IndexError: too many indices for array: array is 2-dimensional, but 3 were indexed
2025-05-01 12:52:36,106 - game_state - INFO - [CARD DEBUG] Failed to identify card rank/suit
2025-05-01 12:52:36,107 - game_state - INFO - [CARD DEBUG] Contour area: 14901.5, min: 2457.6, max: 24576.0
2025-05-01 12:52:36,107 - game_state - INFO - [CARD DEBUG] Contour aspect ratio: 0.9767441860465116
2025-05-01 12:52:36,109 - game_state - INFO - [CARD DEBUG] Saved card corner image to C:\GitRepositories\poker\debug\card_corner_1746096756.png
2025-05-01 12:52:36,118 - game_state - INFO - [CARD DEBUG] Red pixels: 0, Black pixels: 119
2025-05-01 12:52:36,335 - game_state - INFO - [CARD DEBUG] Raw OCR text: '4'
2025-05-01 12:52:36,336 - game_state - ERROR - Error identifying card: too many indices for array: array is 2-dimensional, but 3 were indexed
Traceback (most recent call last):
  File "C:\GitRepositories\poker\src\game_state.py", line 650, in _identify_card
    spade_score = self._detect_spade_shape(contours, black_processed.shape)
  File "C:\GitRepositories\poker\src\game_state.py", line 879, in _detect_spade_shape
    x_coords = bottom_part[:, :, 0]
               ~~~~~~~~~~~^^^^^^^^^
IndexError: too many indices for array: array is 2-dimensional, but 3 were indexed
2025-05-01 12:52:36,337 - game_state - INFO - [CARD DEBUG] Failed to identify card rank/suit
2025-05-01 12:52:36,337 - game_state - INFO - [CARD DEBUG] Total card-like contours found: 2
2025-05-01 12:52:36,520 - game_state - INFO - [CARD DEBUG] Saved debug image to C:\GitRepositories\poker\debug\player_cards_debug_1746096756.png
2025-05-01 12:52:36,523 - game_state - INFO - [CARD DEBUG] Saved card mask to C:\GitRepositories\poker\debug\player_cards_mask_1746096756.png
2025-05-01 12:52:36,753 - game_state - INFO - Detected pot size: $0.03
2025-05-01 12:52:36,758 - game_state - INFO - Saved pot size debug image to C:\GitRepositories\poker\debug\pot_size_1746096756.png
2025-05-01 12:52:37,223 - game_state - INFO - Saved dealer button debug image to C:\GitRepositories\poker\debug\dealer_button_1746096757.png
2025-05-01 12:52:37,224 - game_state - INFO - Detected position: middle (dealer in middle)
2025-05-01 12:52:37,239 - game_state - INFO - Saved turn detection debug image to C:\GitRepositories\poker\debug\turn_detection_1746096757.png
2025-05-01 12:52:37,253 - game_state - INFO - Saved turn detection debug image to C:\GitRepositories\poker\debug\turn_detection_1746096757.png
2025-05-01 12:52:37,254 - game_state - INFO - Game state detected: 0 player cards, 0 community cards, pot: 0.03, is_our_turn: False
2025-05-01 12:52:37,254 - hand_analyzer - WARNING - Cannot analyze hand: No player cards detected
2025-05-01 12:52:37,255 - decision_maker - WARNING - Asked to make decision but it's not our turn
2025-05-01 12:52:37,255 - bet_placer - INFO - Executing action: check
2025-05-01 12:52:38,937 - bet_placer - INFO - Clicked check button at (1132.3986240385732, 1375.9447286017255)
2025-05-01 12:52:41,061 - game_state - INFO - Screenshot size: 2560x1600
2025-05-01 12:52:41,063 - game_state - INFO - Target window 'NL Hold' found and visible
2025-05-01 12:52:41,064 - game_state - INFO - Poker window detected by window title
2025-05-01 12:52:41,064 - game_state - INFO - [CARD DEBUG] Screenshot size: 2560x1600
2025-05-01 12:52:41,065 - game_state - INFO - [CARD DEBUG] Player card ROI: x=768, y=960, width=512, height=160
2025-05-01 12:52:41,070 - game_state - INFO - [CARD DEBUG] Found 3 potential card contours
2025-05-01 12:52:41,070 - game_state - INFO - [CARD DEBUG] Contour area: 1.5, min: 2457.6, max: 24576.0
2025-05-01 12:52:41,071 - game_state - INFO - [CARD DEBUG] Contour area: 14918.5, min: 2457.6, max: 24576.0
2025-05-01 12:52:41,071 - game_state - INFO - [CARD DEBUG] Contour aspect ratio: 0.9692307692307692
2025-05-01 12:52:41,074 - game_state - INFO - [CARD DEBUG] Saved card corner image to C:\GitRepositories\poker\debug\card_corner_1746096761.png
2025-05-01 12:52:41,077 - game_state - INFO - [CARD DEBUG] Red pixels: 0, Black pixels: 165
2025-05-01 12:52:41,288 - game_state - INFO - [CARD DEBUG] Raw OCR text: '8'
2025-05-01 12:52:41,289 - game_state - ERROR - Error identifying card: too many indices for array: array is 2-dimensional, but 3 were indexed
Traceback (most recent call last):
  File "C:\GitRepositories\poker\src\game_state.py", line 650, in _identify_card
    spade_score = self._detect_spade_shape(contours, black_processed.shape)
  File "C:\GitRepositories\poker\src\game_state.py", line 879, in _detect_spade_shape
    x_coords = bottom_part[:, :, 0]
               ~~~~~~~~~~~^^^^^^^^^
IndexError: too many indices for array: array is 2-dimensional, but 3 were indexed
2025-05-01 12:52:41,290 - game_state - INFO - [CARD DEBUG] Failed to identify card rank/suit
2025-05-01 12:52:41,291 - game_state - INFO - [CARD DEBUG] Contour area: 14901.5, min: 2457.6, max: 24576.0
2025-05-01 12:52:41,291 - game_state - INFO - [CARD DEBUG] Contour aspect ratio: 0.9767441860465116
2025-05-01 12:52:41,293 - game_state - INFO - [CARD DEBUG] Saved card corner image to C:\GitRepositories\poker\debug\card_corner_1746096761.png
2025-05-01 12:52:41,294 - game_state - INFO - [CARD DEBUG] Red pixels: 0, Black pixels: 119
2025-05-01 12:52:41,504 - game_state - INFO - [CARD DEBUG] Raw OCR text: '4'
2025-05-01 12:52:41,505 - game_state - ERROR - Error identifying card: too many indices for array: array is 2-dimensional, but 3 were indexed
Traceback (most recent call last):
  File "C:\GitRepositories\poker\src\game_state.py", line 650, in _identify_card
    spade_score = self._detect_spade_shape(contours, black_processed.shape)
  File "C:\GitRepositories\poker\src\game_state.py", line 879, in _detect_spade_shape
    x_coords = bottom_part[:, :, 0]
               ~~~~~~~~~~~^^^^^^^^^
IndexError: too many indices for array: array is 2-dimensional, but 3 were indexed
2025-05-01 12:52:41,506 - game_state - INFO - [CARD DEBUG] Failed to identify card rank/suit
2025-05-01 12:52:41,506 - game_state - INFO - [CARD DEBUG] Total card-like contours found: 2
2025-05-01 12:52:41,698 - game_state - INFO - [CARD DEBUG] Saved debug image to C:\GitRepositories\poker\debug\player_cards_debug_1746096761.png
2025-05-01 12:52:41,700 - game_state - INFO - [CARD DEBUG] Saved card mask to C:\GitRepositories\poker\debug\player_cards_mask_1746096761.png
2025-05-01 12:52:41,890 - game_state - INFO - Detected pot size: $0.03
2025-05-01 12:52:41,894 - game_state - INFO - Saved pot size debug image to C:\GitRepositories\poker\debug\pot_size_1746096761.png
2025-05-01 12:52:42,197 - game_state - INFO - Saved dealer button debug image to C:\GitRepositories\poker\debug\dealer_button_1746096762.png
2025-05-01 12:52:42,198 - game_state - INFO - Detected position: middle (dealer in middle)
2025-05-01 12:52:42,207 - game_state - INFO - Saved turn detection debug image to C:\GitRepositories\poker\debug\turn_detection_1746096762.png
2025-05-01 12:52:42,216 - game_state - INFO - Saved turn detection debug image to C:\GitRepositories\poker\debug\turn_detection_1746096762.png
2025-05-01 12:52:42,216 - game_state - INFO - Game state detected: 0 player cards, 0 community cards, pot: 0.03, is_our_turn: False
2025-05-01 12:52:42,217 - hand_analyzer - WARNING - Cannot analyze hand: No player cards detected
2025-05-01 12:52:42,217 - decision_maker - WARNING - Asked to make decision but it's not our turn
2025-05-01 12:52:42,217 - bet_placer - INFO - Executing action: check
2025-05-01 12:52:43,903 - bet_placer - INFO - Clicked check button at (1135.6063847270539, 1371.3145384598934)
2025-05-01 12:52:46,062 - game_state - INFO - Screenshot size: 2560x1600
2025-05-01 12:52:46,065 - game_state - INFO - Target window 'NL Hold' found and visible
2025-05-01 12:52:46,065 - game_state - INFO - Poker window detected by window title
2025-05-01 12:52:46,066 - game_state - INFO - [CARD DEBUG] Screenshot size: 2560x1600
2025-05-01 12:52:46,066 - game_state - INFO - [CARD DEBUG] Player card ROI: x=768, y=960, width=512, height=160
2025-05-01 12:52:46,072 - game_state - INFO - [CARD DEBUG] Found 3 potential card contours
2025-05-01 12:52:46,073 - game_state - INFO - [CARD DEBUG] Contour area: 1.5, min: 2457.6, max: 24576.0
2025-05-01 12:52:46,073 - game_state - INFO - [CARD DEBUG] Contour area: 14918.5, min: 2457.6, max: 24576.0
2025-05-01 12:52:46,073 - game_state - INFO - [CARD DEBUG] Contour aspect ratio: 0.9692307692307692
2025-05-01 12:52:46,075 - game_state - INFO - [CARD DEBUG] Saved card corner image to C:\GitRepositories\poker\debug\card_corner_1746096766.png
2025-05-01 12:52:46,077 - game_state - INFO - [CARD DEBUG] Red pixels: 0, Black pixels: 165
2025-05-01 12:52:46,294 - game_state - INFO - [CARD DEBUG] Raw OCR text: '8'
2025-05-01 12:52:46,295 - game_state - ERROR - Error identifying card: too many indices for array: array is 2-dimensional, but 3 were indexed
Traceback (most recent call last):
  File "C:\GitRepositories\poker\src\game_state.py", line 650, in _identify_card
    spade_score = self._detect_spade_shape(contours, black_processed.shape)
  File "C:\GitRepositories\poker\src\game_state.py", line 879, in _detect_spade_shape
    x_coords = bottom_part[:, :, 0]
               ~~~~~~~~~~~^^^^^^^^^
IndexError: too many indices for array: array is 2-dimensional, but 3 were indexed
2025-05-01 12:52:46,296 - game_state - INFO - [CARD DEBUG] Failed to identify card rank/suit
2025-05-01 12:52:46,296 - game_state - INFO - [CARD DEBUG] Contour area: 14901.5, min: 2457.6, max: 24576.0
2025-05-01 12:52:46,297 - game_state - INFO - [CARD DEBUG] Contour aspect ratio: 0.9767441860465116
2025-05-01 12:52:46,298 - game_state - INFO - [CARD DEBUG] Saved card corner image to C:\GitRepositories\poker\debug\card_corner_1746096766.png
2025-05-01 12:52:46,300 - game_state - INFO - [CARD DEBUG] Red pixels: 0, Black pixels: 119
2025-05-01 12:52:46,505 - game_state - INFO - [CARD DEBUG] Raw OCR text: '4'
2025-05-01 12:52:46,506 - game_state - ERROR - Error identifying card: too many indices for array: array is 2-dimensional, but 3 were indexed
Traceback (most recent call last):
  File "C:\GitRepositories\poker\src\game_state.py", line 650, in _identify_card
    spade_score = self._detect_spade_shape(contours, black_processed.shape)
  File "C:\GitRepositories\poker\src\game_state.py", line 879, in _detect_spade_shape
    x_coords = bottom_part[:, :, 0]
               ~~~~~~~~~~~^^^^^^^^^
IndexError: too many indices for array: array is 2-dimensional, but 3 were indexed
2025-05-01 12:52:46,508 - game_state - INFO - [CARD DEBUG] Failed to identify card rank/suit
2025-05-01 12:52:46,508 - game_state - INFO - [CARD DEBUG] Total card-like contours found: 2
2025-05-01 12:52:46,719 - game_state - INFO - [CARD DEBUG] Saved debug image to C:\GitRepositories\poker\debug\player_cards_debug_1746096766.png
2025-05-01 12:52:46,722 - game_state - INFO - [CARD DEBUG] Saved card mask to C:\GitRepositories\poker\debug\player_cards_mask_1746096766.png
2025-05-01 12:52:46,948 - game_state - INFO - Detected pot size: $0.03
2025-05-01 12:52:46,957 - game_state - INFO - Saved pot size debug image to C:\GitRepositories\poker\debug\pot_size_1746096766.png
2025-05-01 12:52:47,456 - game_state - INFO - Saved dealer button debug image to C:\GitRepositories\poker\debug\dealer_button_1746096767.png
2025-05-01 12:52:47,456 - game_state - INFO - Detected position: middle (dealer in middle)
2025-05-01 12:52:47,474 - game_state - INFO - Saved turn detection debug image to C:\GitRepositories\poker\debug\turn_detection_1746096767.png
2025-05-01 12:52:47,491 - game_state - INFO - Saved turn detection debug image to C:\GitRepositories\poker\debug\turn_detection_1746096767.png
2025-05-01 12:52:47,492 - game_state - INFO - Game state detected: 0 player cards, 0 community cards, pot: 0.03, is_our_turn: False
2025-05-01 12:52:47,493 - hand_analyzer - WARNING - Cannot analyze hand: No player cards detected
2025-05-01 12:52:47,493 - decision_maker - WARNING - Asked to make decision but it's not our turn
2025-05-01 12:52:47,493 - bet_placer - INFO - Executing action: check
2025-05-01 12:52:49,171 - bet_placer - INFO - Clicked check button at (1131.4148831331286, 1376.6148780912238)
2025-05-01 12:52:51,309 - game_state - INFO - Screenshot size: 2560x1600
2025-05-01 12:52:51,311 - game_state - INFO - Target window 'NL Hold' found and visible
2025-05-01 12:52:51,312 - game_state - INFO - Poker window detected by window title
2025-05-01 12:52:51,312 - game_state - INFO - [CARD DEBUG] Screenshot size: 2560x1600
2025-05-01 12:52:51,313 - game_state - INFO - [CARD DEBUG] Player card ROI: x=768, y=960, width=512, height=160
2025-05-01 12:52:51,316 - game_state - INFO - [CARD DEBUG] Found 3 potential card contours
2025-05-01 12:52:51,316 - game_state - INFO - [CARD DEBUG] Contour area: 1.5, min: 2457.6, max: 24576.0
2025-05-01 12:52:51,317 - game_state - INFO - [CARD DEBUG] Contour area: 14918.5, min: 2457.6, max: 24576.0
2025-05-01 12:52:51,317 - game_state - INFO - [CARD DEBUG] Contour aspect ratio: 0.9692307692307692
2025-05-01 12:52:51,320 - game_state - INFO - [CARD DEBUG] Saved card corner image to C:\GitRepositories\poker\debug\card_corner_1746096771.png
2025-05-01 12:52:51,323 - game_state - INFO - [CARD DEBUG] Red pixels: 0, Black pixels: 165
2025-05-01 12:52:51,534 - game_state - INFO - [CARD DEBUG] Raw OCR text: '8'
2025-05-01 12:52:51,535 - game_state - ERROR - Error identifying card: too many indices for array: array is 2-dimensional, but 3 were indexed
Traceback (most recent call last):
  File "C:\GitRepositories\poker\src\game_state.py", line 650, in _identify_card
    spade_score = self._detect_spade_shape(contours, black_processed.shape)
  File "C:\GitRepositories\poker\src\game_state.py", line 879, in _detect_spade_shape
    x_coords = bottom_part[:, :, 0]
               ~~~~~~~~~~~^^^^^^^^^
IndexError: too many indices for array: array is 2-dimensional, but 3 were indexed
2025-05-01 12:52:51,537 - game_state - INFO - [CARD DEBUG] Failed to identify card rank/suit
2025-05-01 12:52:51,537 - game_state - INFO - [CARD DEBUG] Contour area: 14901.5, min: 2457.6, max: 24576.0
2025-05-01 12:52:51,538 - game_state - INFO - [CARD DEBUG] Contour aspect ratio: 0.9767441860465116
2025-05-01 12:52:51,539 - game_state - INFO - [CARD DEBUG] Saved card corner image to C:\GitRepositories\poker\debug\card_corner_1746096771.png
2025-05-01 12:52:51,543 - game_state - INFO - [CARD DEBUG] Red pixels: 0, Black pixels: 119
2025-05-01 12:52:51,751 - game_state - INFO - [CARD DEBUG] Raw OCR text: '4'
2025-05-01 12:52:51,753 - game_state - ERROR - Error identifying card: too many indices for array: array is 2-dimensional, but 3 were indexed
Traceback (most recent call last):
  File "C:\GitRepositories\poker\src\game_state.py", line 650, in _identify_card
    spade_score = self._detect_spade_shape(contours, black_processed.shape)
  File "C:\GitRepositories\poker\src\game_state.py", line 879, in _detect_spade_shape
    x_coords = bottom_part[:, :, 0]
               ~~~~~~~~~~~^^^^^^^^^
IndexError: too many indices for array: array is 2-dimensional, but 3 were indexed
2025-05-01 12:52:51,754 - game_state - INFO - [CARD DEBUG] Failed to identify card rank/suit
2025-05-01 12:52:51,755 - game_state - INFO - [CARD DEBUG] Total card-like contours found: 2
2025-05-01 12:52:51,970 - game_state - INFO - [CARD DEBUG] Saved debug image to C:\GitRepositories\poker\debug\player_cards_debug_1746096771.png
2025-05-01 12:52:51,972 - game_state - INFO - [CARD DEBUG] Saved card mask to C:\GitRepositories\poker\debug\player_cards_mask_1746096771.png
2025-05-01 12:52:52,190 - game_state - INFO - Detected pot size: $0.03
2025-05-01 12:52:52,196 - game_state - INFO - Saved pot size debug image to C:\GitRepositories\poker\debug\pot_size_1746096772.png
2025-05-01 12:52:52,600 - game_state - INFO - Saved dealer button debug image to C:\GitRepositories\poker\debug\dealer_button_1746096772.png
2025-05-01 12:52:52,602 - game_state - INFO - Detected position: middle (dealer in middle)
2025-05-01 12:52:52,612 - game_state - INFO - Saved turn detection debug image to C:\GitRepositories\poker\debug\turn_detection_1746096772.png
2025-05-01 12:52:52,626 - game_state - INFO - Saved turn detection debug image to C:\GitRepositories\poker\debug\turn_detection_1746096772.png
2025-05-01 12:52:52,626 - game_state - INFO - Game state detected: 0 player cards, 0 community cards, pot: 0.03, is_our_turn: False
2025-05-01 12:52:52,627 - hand_analyzer - WARNING - Cannot analyze hand: No player cards detected
2025-05-01 12:52:52,627 - decision_maker - WARNING - Asked to make decision but it's not our turn
2025-05-01 12:52:52,627 - bet_placer - INFO - Executing action: check
2025-05-01 12:52:54,306 - bet_placer - INFO - Clicked check button at (1136.487179844467, 1373.043216729202)
2025-05-01 12:52:56,420 - game_state - INFO - Screenshot size: 2560x1600
2025-05-01 12:52:56,422 - game_state - INFO - Target window 'NL Hold' found and visible
2025-05-01 12:52:56,422 - game_state - INFO - Poker window detected by window title
2025-05-01 12:52:56,422 - game_state - INFO - [CARD DEBUG] Screenshot size: 2560x1600
2025-05-01 12:52:56,422 - game_state - INFO - [CARD DEBUG] Player card ROI: x=768, y=960, width=512, height=160
2025-05-01 12:52:56,426 - game_state - INFO - [CARD DEBUG] Found 3 potential card contours
2025-05-01 12:52:56,426 - game_state - INFO - [CARD DEBUG] Contour area: 1.5, min: 2457.6, max: 24576.0
2025-05-01 12:52:56,426 - game_state - INFO - [CARD DEBUG] Contour area: 14918.5, min: 2457.6, max: 24576.0
2025-05-01 12:52:56,426 - game_state - INFO - [CARD DEBUG] Contour aspect ratio: 0.9692307692307692
2025-05-01 12:52:56,428 - game_state - INFO - [CARD DEBUG] Saved card corner image to C:\GitRepositories\poker\debug\card_corner_1746096776.png
2025-05-01 12:52:56,431 - game_state - INFO - [CARD DEBUG] Red pixels: 0, Black pixels: 165
2025-05-01 12:52:56,645 - game_state - INFO - [CARD DEBUG] Raw OCR text: '8'
2025-05-01 12:52:56,646 - game_state - ERROR - Error identifying card: too many indices for array: array is 2-dimensional, but 3 were indexed
Traceback (most recent call last):
  File "C:\GitRepositories\poker\src\game_state.py", line 650, in _identify_card
    spade_score = self._detect_spade_shape(contours, black_processed.shape)
  File "C:\GitRepositories\poker\src\game_state.py", line 879, in _detect_spade_shape
    x_coords = bottom_part[:, :, 0]
               ~~~~~~~~~~~^^^^^^^^^
IndexError: too many indices for array: array is 2-dimensional, but 3 were indexed
2025-05-01 12:52:56,647 - game_state - INFO - [CARD DEBUG] Failed to identify card rank/suit
2025-05-01 12:52:56,648 - game_state - INFO - [CARD DEBUG] Contour area: 14901.5, min: 2457.6, max: 24576.0
2025-05-01 12:52:56,648 - game_state - INFO - [CARD DEBUG] Contour aspect ratio: 0.9767441860465116
2025-05-01 12:52:56,650 - game_state - INFO - [CARD DEBUG] Saved card corner image to C:\GitRepositories\poker\debug\card_corner_1746096776.png
2025-05-01 12:52:56,654 - game_state - INFO - [CARD DEBUG] Red pixels: 0, Black pixels: 119
2025-05-01 12:52:56,904 - game_state - INFO - [CARD DEBUG] Raw OCR text: '4'
2025-05-01 12:52:56,905 - game_state - ERROR - Error identifying card: too many indices for array: array is 2-dimensional, but 3 were indexed
Traceback (most recent call last):
  File "C:\GitRepositories\poker\src\game_state.py", line 650, in _identify_card
    spade_score = self._detect_spade_shape(contours, black_processed.shape)
  File "C:\GitRepositories\poker\src\game_state.py", line 879, in _detect_spade_shape
    x_coords = bottom_part[:, :, 0]
               ~~~~~~~~~~~^^^^^^^^^
IndexError: too many indices for array: array is 2-dimensional, but 3 were indexed
2025-05-01 12:52:56,906 - game_state - INFO - [CARD DEBUG] Failed to identify card rank/suit
2025-05-01 12:52:56,907 - game_state - INFO - [CARD DEBUG] Total card-like contours found: 2
2025-05-01 12:52:57,145 - game_state - INFO - [CARD DEBUG] Saved debug image to C:\GitRepositories\poker\debug\player_cards_debug_1746096776.png
2025-05-01 12:52:57,147 - game_state - INFO - [CARD DEBUG] Saved card mask to C:\GitRepositories\poker\debug\player_cards_mask_1746096777.png
2025-05-01 12:52:57,358 - game_state - INFO - Detected pot size: $0.03
2025-05-01 12:52:57,363 - game_state - INFO - Saved pot size debug image to C:\GitRepositories\poker\debug\pot_size_1746096777.png
2025-05-01 12:52:57,814 - game_state - INFO - Saved dealer button debug image to C:\GitRepositories\poker\debug\dealer_button_1746096777.png
2025-05-01 12:52:57,815 - game_state - INFO - Detected position: middle (dealer in middle)
2025-05-01 12:52:57,826 - game_state - INFO - Saved turn detection debug image to C:\GitRepositories\poker\debug\turn_detection_1746096777.png
2025-05-01 12:52:57,826 - game_state - INFO - It's our turn to act
2025-05-01 12:52:57,837 - game_state - INFO - Saved turn detection debug image to C:\GitRepositories\poker\debug\turn_detection_1746096777.png
2025-05-01 12:52:57,837 - game_state - INFO - It's our turn to act
2025-05-01 12:52:58,216 - game_state - INFO - Detected available actions: ['fold', 'check', 'call', 'bet', 'raise']
2025-05-01 12:52:58,224 - game_state - INFO - Saved available actions debug image to C:\GitRepositories\poker\debug\available_actions_1746096778.png
2025-05-01 12:52:58,224 - game_state - INFO - Game state detected: 0 player cards, 0 community cards, pot: 0.03, is_our_turn: True
2025-05-01 12:52:58,225 - hand_analyzer - WARNING - Cannot analyze hand: No player cards detected
2025-05-01 12:52:58,225 - decision_maker - INFO - Making decision based on hand: unknown (strength: 0.00, win prob: 0.00%)
2025-05-01 12:52:58,225 - bet_placer - INFO - Executing action: fold
2025-05-01 12:52:59,904 - bet_placer - INFO - Clicked fold button at (1162.310340753444, 1384.0455069603142)
2025-05-01 12:53:02,046 - game_state - INFO - Screenshot size: 2560x1600
2025-05-01 12:53:02,047 - game_state - INFO - Target window 'NL Hold' found and visible
2025-05-01 12:53:02,047 - game_state - INFO - Poker window detected by window title
2025-05-01 12:53:02,048 - game_state - INFO - [CARD DEBUG] Screenshot size: 2560x1600
2025-05-01 12:53:02,048 - game_state - INFO - [CARD DEBUG] Player card ROI: x=768, y=960, width=512, height=160
2025-05-01 12:53:02,051 - game_state - INFO - [CARD DEBUG] Found 3 potential card contours
2025-05-01 12:53:02,052 - game_state - INFO - [CARD DEBUG] Contour area: 1.5, min: 2457.6, max: 24576.0
2025-05-01 12:53:02,052 - game_state - INFO - [CARD DEBUG] Contour area: 14915.5, min: 2457.6, max: 24576.0
2025-05-01 12:53:02,053 - game_state - INFO - [CARD DEBUG] Contour aspect ratio: 0.9692307692307692
2025-05-01 12:53:02,056 - game_state - INFO - [CARD DEBUG] Saved card corner image to C:\GitRepositories\poker\debug\card_corner_1746096782.png
2025-05-01 12:53:02,058 - game_state - INFO - [CARD DEBUG] Red pixels: 0, Black pixels: 179
2025-05-01 12:53:02,283 - game_state - INFO - [CARD DEBUG] Raw OCR text: 'K'
2025-05-01 12:53:02,285 - game_state - ERROR - Error identifying card: too many indices for array: array is 2-dimensional, but 3 were indexed
Traceback (most recent call last):
  File "C:\GitRepositories\poker\src\game_state.py", line 650, in _identify_card
    spade_score = self._detect_spade_shape(contours, black_processed.shape)
  File "C:\GitRepositories\poker\src\game_state.py", line 879, in _detect_spade_shape
    x_coords = bottom_part[:, :, 0]
               ~~~~~~~~~~~^^^^^^^^^
IndexError: too many indices for array: array is 2-dimensional, but 3 were indexed
2025-05-01 12:53:02,287 - game_state - INFO - [CARD DEBUG] Failed to identify card rank/suit
2025-05-01 12:53:02,288 - game_state - INFO - [CARD DEBUG] Contour area: 14816.5, min: 2457.6, max: 24576.0
2025-05-01 12:53:02,288 - game_state - INFO - [CARD DEBUG] Contour aspect ratio: 0.9767441860465116
2025-05-01 12:53:02,290 - game_state - INFO - [CARD DEBUG] Saved card corner image to C:\GitRepositories\poker\debug\card_corner_1746096782.png
2025-05-01 12:53:02,292 - game_state - INFO - [CARD DEBUG] Red pixels: 0, Black pixels: 119
2025-05-01 12:53:02,511 - game_state - INFO - [CARD DEBUG] Raw OCR text: ''
2025-05-01 12:53:02,512 - game_state - ERROR - Error identifying card: too many indices for array: array is 2-dimensional, but 3 were indexed
Traceback (most recent call last):
  File "C:\GitRepositories\poker\src\game_state.py", line 650, in _identify_card
    spade_score = self._detect_spade_shape(contours, black_processed.shape)
  File "C:\GitRepositories\poker\src\game_state.py", line 879, in _detect_spade_shape
    x_coords = bottom_part[:, :, 0]
               ~~~~~~~~~~~^^^^^^^^^
IndexError: too many indices for array: array is 2-dimensional, but 3 were indexed
2025-05-01 12:53:02,513 - game_state - INFO - [CARD DEBUG] Failed to identify card rank/suit
2025-05-01 12:53:02,514 - game_state - INFO - [CARD DEBUG] Total card-like contours found: 2
2025-05-01 12:53:02,739 - game_state - INFO - [CARD DEBUG] Saved debug image to C:\GitRepositories\poker\debug\player_cards_debug_1746096782.png
2025-05-01 12:53:02,741 - game_state - INFO - [CARD DEBUG] Saved card mask to C:\GitRepositories\poker\debug\player_cards_mask_1746096782.png
2025-05-01 12:53:02,964 - game_state - INFO - Detected pot size: $0.03
2025-05-01 12:53:02,972 - game_state - INFO - Saved pot size debug image to C:\GitRepositories\poker\debug\pot_size_1746096782.png
2025-05-01 12:53:03,439 - game_state - INFO - Saved dealer button debug image to C:\GitRepositories\poker\debug\dealer_button_1746096783.png
2025-05-01 12:53:03,439 - game_state - INFO - Detected position: late (dealer on left)
2025-05-01 12:53:03,451 - game_state - INFO - Saved turn detection debug image to C:\GitRepositories\poker\debug\turn_detection_1746096783.png
2025-05-01 12:53:03,462 - game_state - INFO - Saved turn detection debug image to C:\GitRepositories\poker\debug\turn_detection_1746096783.png
2025-05-01 12:53:03,463 - game_state - INFO - Game state detected: 0 player cards, 0 community cards, pot: 0.03, is_our_turn: False
2025-05-01 12:53:03,463 - hand_analyzer - WARNING - Cannot analyze hand: No player cards detected
2025-05-01 12:53:03,463 - decision_maker - WARNING - Asked to make decision but it's not our turn
2025-05-01 12:53:03,463 - bet_placer - INFO - Executing action: check
2025-05-01 12:53:05,141 - bet_placer - INFO - Clicked check button at (1136.853923308457, 1372.7273783482083)
2025-05-01 12:53:07,282 - game_state - INFO - Screenshot size: 2560x1600
2025-05-01 12:53:07,286 - game_state - INFO - Target window 'NL Hold' found and visible
2025-05-01 12:53:07,290 - game_state - INFO - Poker window detected by window title
2025-05-01 12:53:07,291 - game_state - INFO - [CARD DEBUG] Screenshot size: 2560x1600
2025-05-01 12:53:07,291 - game_state - INFO - [CARD DEBUG] Player card ROI: x=768, y=960, width=512, height=160
2025-05-01 12:53:07,295 - game_state - INFO - [CARD DEBUG] Found 3 potential card contours
2025-05-01 12:53:07,296 - game_state - INFO - [CARD DEBUG] Contour area: 1.5, min: 2457.6, max: 24576.0
2025-05-01 12:53:07,296 - game_state - INFO - [CARD DEBUG] Contour area: 14915.5, min: 2457.6, max: 24576.0
2025-05-01 12:53:07,296 - game_state - INFO - [CARD DEBUG] Contour aspect ratio: 0.9692307692307692
2025-05-01 12:53:07,298 - game_state - INFO - [CARD DEBUG] Saved card corner image to C:\GitRepositories\poker\debug\card_corner_1746096787.png
2025-05-01 12:53:07,303 - game_state - INFO - [CARD DEBUG] Red pixels: 0, Black pixels: 179
2025-05-01 12:53:07,542 - game_state - INFO - [CARD DEBUG] Raw OCR text: 'K'
2025-05-01 12:53:07,543 - game_state - ERROR - Error identifying card: too many indices for array: array is 2-dimensional, but 3 were indexed
Traceback (most recent call last):
  File "C:\GitRepositories\poker\src\game_state.py", line 650, in _identify_card
    spade_score = self._detect_spade_shape(contours, black_processed.shape)
  File "C:\GitRepositories\poker\src\game_state.py", line 879, in _detect_spade_shape
    x_coords = bottom_part[:, :, 0]
               ~~~~~~~~~~~^^^^^^^^^
IndexError: too many indices for array: array is 2-dimensional, but 3 were indexed
2025-05-01 12:53:07,544 - game_state - INFO - [CARD DEBUG] Failed to identify card rank/suit
2025-05-01 12:53:07,545 - game_state - INFO - [CARD DEBUG] Contour area: 14816.5, min: 2457.6, max: 24576.0
2025-05-01 12:53:07,545 - game_state - INFO - [CARD DEBUG] Contour aspect ratio: 0.9767441860465116
2025-05-01 12:53:07,546 - game_state - INFO - [CARD DEBUG] Saved card corner image to C:\GitRepositories\poker\debug\card_corner_1746096787.png
2025-05-01 12:53:07,548 - game_state - INFO - [CARD DEBUG] Red pixels: 0, Black pixels: 119
2025-05-01 12:53:07,755 - game_state - INFO - [CARD DEBUG] Raw OCR text: ''
2025-05-01 12:53:07,756 - game_state - ERROR - Error identifying card: too many indices for array: array is 2-dimensional, but 3 were indexed
Traceback (most recent call last):
  File "C:\GitRepositories\poker\src\game_state.py", line 650, in _identify_card
    spade_score = self._detect_spade_shape(contours, black_processed.shape)
  File "C:\GitRepositories\poker\src\game_state.py", line 879, in _detect_spade_shape
    x_coords = bottom_part[:, :, 0]
               ~~~~~~~~~~~^^^^^^^^^
IndexError: too many indices for array: array is 2-dimensional, but 3 were indexed
2025-05-01 12:53:07,758 - game_state - INFO - [CARD DEBUG] Failed to identify card rank/suit
2025-05-01 12:53:07,758 - game_state - INFO - [CARD DEBUG] Total card-like contours found: 2
2025-05-01 12:53:07,982 - game_state - INFO - [CARD DEBUG] Saved debug image to C:\GitRepositories\poker\debug\player_cards_debug_1746096787.png
2025-05-01 12:53:07,984 - game_state - INFO - [CARD DEBUG] Saved card mask to C:\GitRepositories\poker\debug\player_cards_mask_1746096787.png
2025-05-01 12:53:08,192 - game_state - INFO - Detected pot size: $0.03
2025-05-01 12:53:08,197 - game_state - INFO - Saved pot size debug image to C:\GitRepositories\poker\debug\pot_size_1746096788.png
2025-05-01 12:53:08,707 - game_state - INFO - Saved dealer button debug image to C:\GitRepositories\poker\debug\dealer_button_1746096788.png
2025-05-01 12:53:08,707 - game_state - INFO - Detected position: late (dealer on left)
2025-05-01 12:53:08,722 - game_state - INFO - Saved turn detection debug image to C:\GitRepositories\poker\debug\turn_detection_1746096788.png
2025-05-01 12:53:08,734 - game_state - INFO - Saved turn detection debug image to C:\GitRepositories\poker\debug\turn_detection_1746096788.png
2025-05-01 12:53:08,736 - game_state - INFO - Game state detected: 0 player cards, 0 community cards, pot: 0.03, is_our_turn: False
2025-05-01 12:53:08,737 - hand_analyzer - WARNING - Cannot analyze hand: No player cards detected
2025-05-01 12:53:08,737 - decision_maker - WARNING - Asked to make decision but it's not our turn
2025-05-01 12:53:08,737 - bet_placer - INFO - Executing action: check
2025-05-01 12:53:10,421 - bet_placer - INFO - Clicked check button at (1129.1835158087479, 1374.9804369061442)
2025-05-01 12:53:12,577 - game_state - INFO - Screenshot size: 2560x1600
2025-05-01 12:53:12,579 - game_state - INFO - Target window 'NL Hold' found and visible
2025-05-01 12:53:12,579 - game_state - INFO - Poker window detected by window title
2025-05-01 12:53:12,580 - game_state - INFO - [CARD DEBUG] Screenshot size: 2560x1600
2025-05-01 12:53:12,580 - game_state - INFO - [CARD DEBUG] Player card ROI: x=768, y=960, width=512, height=160
2025-05-01 12:53:12,584 - game_state - INFO - [CARD DEBUG] Found 3 potential card contours
2025-05-01 12:53:12,584 - game_state - INFO - [CARD DEBUG] Contour area: 1.5, min: 2457.6, max: 24576.0
2025-05-01 12:53:12,585 - game_state - INFO - [CARD DEBUG] Contour area: 14915.5, min: 2457.6, max: 24576.0
2025-05-01 12:53:12,588 - game_state - INFO - [CARD DEBUG] Contour aspect ratio: 0.9692307692307692
2025-05-01 12:53:12,591 - game_state - INFO - [CARD DEBUG] Saved card corner image to C:\GitRepositories\poker\debug\card_corner_1746096792.png
2025-05-01 12:53:12,596 - game_state - INFO - [CARD DEBUG] Red pixels: 0, Black pixels: 179
2025-05-01 12:53:12,800 - game_state - INFO - [CARD DEBUG] Raw OCR text: 'K'
2025-05-01 12:53:12,801 - game_state - ERROR - Error identifying card: too many indices for array: array is 2-dimensional, but 3 were indexed
Traceback (most recent call last):
  File "C:\GitRepositories\poker\src\game_state.py", line 650, in _identify_card
    spade_score = self._detect_spade_shape(contours, black_processed.shape)
  File "C:\GitRepositories\poker\src\game_state.py", line 879, in _detect_spade_shape
    x_coords = bottom_part[:, :, 0]
               ~~~~~~~~~~~^^^^^^^^^
IndexError: too many indices for array: array is 2-dimensional, but 3 were indexed
2025-05-01 12:53:12,803 - game_state - INFO - [CARD DEBUG] Failed to identify card rank/suit
2025-05-01 12:53:12,804 - game_state - INFO - [CARD DEBUG] Contour area: 14816.5, min: 2457.6, max: 24576.0
2025-05-01 12:53:12,804 - game_state - INFO - [CARD DEBUG] Contour aspect ratio: 0.9767441860465116
2025-05-01 12:53:12,806 - game_state - INFO - [CARD DEBUG] Saved card corner image to C:\GitRepositories\poker\debug\card_corner_1746096792.png
2025-05-01 12:53:12,808 - game_state - INFO - [CARD DEBUG] Red pixels: 0, Black pixels: 119
2025-05-01 12:53:13,008 - game_state - INFO - [CARD DEBUG] Raw OCR text: ''
2025-05-01 12:53:13,010 - game_state - ERROR - Error identifying card: too many indices for array: array is 2-dimensional, but 3 were indexed
Traceback (most recent call last):
  File "C:\GitRepositories\poker\src\game_state.py", line 650, in _identify_card
    spade_score = self._detect_spade_shape(contours, black_processed.shape)
  File "C:\GitRepositories\poker\src\game_state.py", line 879, in _detect_spade_shape
    x_coords = bottom_part[:, :, 0]
               ~~~~~~~~~~~^^^^^^^^^
IndexError: too many indices for array: array is 2-dimensional, but 3 were indexed
2025-05-01 12:53:13,011 - game_state - INFO - [CARD DEBUG] Failed to identify card rank/suit
2025-05-01 12:53:13,012 - game_state - INFO - [CARD DEBUG] Total card-like contours found: 2
2025-05-01 12:53:13,267 - game_state - INFO - [CARD DEBUG] Saved debug image to C:\GitRepositories\poker\debug\player_cards_debug_1746096793.png
2025-05-01 12:53:13,272 - game_state - INFO - [CARD DEBUG] Saved card mask to C:\GitRepositories\poker\debug\player_cards_mask_1746096793.png
2025-05-01 12:53:13,488 - game_state - INFO - Detected pot size: $0.03
2025-05-01 12:53:13,494 - game_state - INFO - Saved pot size debug image to C:\GitRepositories\poker\debug\pot_size_1746096793.png
2025-05-01 12:53:13,998 - game_state - INFO - Saved dealer button debug image to C:\GitRepositories\poker\debug\dealer_button_1746096793.png
2025-05-01 12:53:13,998 - game_state - INFO - Detected position: late (dealer on left)
2025-05-01 12:53:14,015 - game_state - INFO - Saved turn detection debug image to C:\GitRepositories\poker\debug\turn_detection_1746096794.png
2025-05-01 12:53:14,029 - game_state - INFO - Saved turn detection debug image to C:\GitRepositories\poker\debug\turn_detection_1746096794.png
2025-05-01 12:53:14,030 - game_state - INFO - Game state detected: 0 player cards, 0 community cards, pot: 0.03, is_our_turn: False
2025-05-01 12:53:14,031 - hand_analyzer - WARNING - Cannot analyze hand: No player cards detected
2025-05-01 12:53:14,031 - decision_maker - WARNING - Asked to make decision but it's not our turn
2025-05-01 12:53:14,031 - bet_placer - INFO - Executing action: check
2025-05-01 12:53:15,706 - bet_placer - INFO - Clicked check button at (1137.6771942287792, 1376.1635180932853)
2025-05-01 12:53:17,824 - game_state - INFO - Screenshot size: 2560x1600
2025-05-01 12:53:17,825 - game_state - INFO - Target window 'NL Hold' found and visible
2025-05-01 12:53:17,825 - game_state - INFO - Poker window detected by window title
2025-05-01 12:53:17,826 - game_state - INFO - [CARD DEBUG] Screenshot size: 2560x1600
2025-05-01 12:53:17,826 - game_state - INFO - [CARD DEBUG] Player card ROI: x=768, y=960, width=512, height=160
2025-05-01 12:53:17,828 - game_state - INFO - [CARD DEBUG] Found 0 potential card contours
2025-05-01 12:53:17,828 - game_state - INFO - [CARD DEBUG] Total card-like contours found: 0
2025-05-01 12:53:17,945 - game_state - INFO - [CARD DEBUG] Saved debug image to C:\GitRepositories\poker\debug\player_cards_debug_1746096797.png
2025-05-01 12:53:17,946 - game_state - INFO - [CARD DEBUG] Saved card mask to C:\GitRepositories\poker\debug\player_cards_mask_1746096797.png
2025-05-01 12:53:18,066 - game_state - INFO - Detected pot size: $0.03
2025-05-01 12:53:18,070 - game_state - INFO - Saved pot size debug image to C:\GitRepositories\poker\debug\pot_size_1746096798.png
2025-05-01 12:53:18,328 - game_state - INFO - Saved dealer button debug image to C:\GitRepositories\poker\debug\dealer_button_1746096798.png
2025-05-01 12:53:18,328 - game_state - INFO - Detected position: late (dealer on left)
2025-05-01 12:53:18,338 - game_state - INFO - Saved turn detection debug image to C:\GitRepositories\poker\debug\turn_detection_1746096798.png
2025-05-01 12:53:18,346 - game_state - INFO - Saved turn detection debug image to C:\GitRepositories\poker\debug\turn_detection_1746096798.png
2025-05-01 12:53:18,347 - game_state - INFO - Game state detected: 0 player cards, 0 community cards, pot: 0.03, is_our_turn: False
2025-05-01 12:53:18,347 - hand_analyzer - WARNING - Cannot analyze hand: No player cards detected
2025-05-01 12:53:18,347 - decision_maker - WARNING - Asked to make decision but it's not our turn
2025-05-01 12:53:18,347 - bet_placer - INFO - Executing action: check
2025-05-01 12:53:20,022 - bet_placer - INFO - Clicked check button at (1132.6153278829472, 1373.3958548812939)
2025-05-01 12:53:21,261 - __main__ - INFO - Poker Bot stopped by user
2025-05-01 12:53:21,262 - __main__ - INFO - Poker Bot stopped
2025-05-01 13:03:16,176 - screen_capture - INFO - Screen capture initialized
2025-05-01 13:03:16,220 - game_state - INFO - Loaded client template 1 from resources
2025-05-01 13:03:16,273 - game_state - INFO - Loaded client template 2 from resources
2025-05-01 13:03:16,325 - game_state - INFO - Loaded client template 3 from resources
2025-05-01 13:03:16,370 - game_state - INFO - Loaded client template 4 from resources
2025-05-01 13:03:16,418 - game_state - INFO - Loaded client template 5 from resources
2025-05-01 13:03:16,419 - game_state - INFO - Loaded 5 client templates
2025-05-01 13:03:16,419 - game_state - INFO - Template client1 size: 1536x960
2025-05-01 13:03:16,419 - game_state - INFO - Template client2 size: 1536x960
2025-05-01 13:03:16,419 - game_state - INFO - Template client3 size: 1536x960
2025-05-01 13:03:16,420 - game_state - INFO - Template client4 size: 1536x960
2025-05-01 13:03:16,420 - game_state - INFO - Template client5 size: 1536x960
2025-05-01 13:03:16,420 - game_state - INFO - Game state detector initialized
2025-05-01 13:03:16,420 - game_state - INFO - Window title detection is enabled
2025-05-01 13:03:16,421 - hand_analyzer - INFO - Hand analyzer initialized
2025-05-01 13:03:16,422 - decision_maker - INFO - Decision maker initialized (aggression: 0.50, bluff frequency: 0.10)
2025-05-01 13:03:16,465 - bet_placer - INFO - Loaded client template 1 for button detection
2025-05-01 13:03:16,510 - bet_placer - INFO - Loaded client template 2 for button detection
2025-05-01 13:03:16,554 - bet_placer - INFO - Loaded client template 3 for button detection
2025-05-01 13:03:16,599 - bet_placer - INFO - Loaded client template 4 for button detection
2025-05-01 13:03:16,647 - bet_placer - INFO - Loaded client template 5 for button detection
2025-05-01 13:03:16,648 - bet_placer - INFO - Bet placer initialized
2025-05-01 13:03:16,648 - __main__ - INFO - Poker Bot initialized
2025-05-01 13:03:16,648 - __main__ - INFO - Starting poker bot calibration
2025-05-01 13:03:16,650 - bet_placer - INFO - Starting button calibration
2025-05-01 13:03:16,650 - bet_placer - INFO - Attempting automatic button calibration
2025-05-01 13:03:16,650 - screen_capture - INFO - Screen capture initialized
2025-05-01 13:03:18,029 - bet_placer - WARNING - Could not match any client template
2025-05-01 13:03:18,030 - bet_placer - INFO - Starting interactive button calibration
2025-05-01 13:03:29,281 - bet_placer - INFO - Set fold button at (1174, 1377)
2025-05-01 13:03:29,755 - bet_placer - INFO - Set check and call button at (1174, 1377)
2025-05-01 13:03:30,138 - bet_placer - INFO - Set bet and raise button at (1174, 1377)
2025-05-01 13:03:30,638 - bet_placer - INFO - Set bet_input button at (1174, 1377)
2025-05-01 13:03:32,078 - bet_placer - INFO - Set confirm button at (1174, 1377)
2025-05-01 13:03:32,079 - __main__ - INFO - Poker Bot started
2025-05-01 13:03:32,191 - game_state - INFO - Screenshot size: 2560x1600
2025-05-01 13:03:32,193 - game_state - INFO - Target window 'NL Hold' found and visible
2025-05-01 13:03:32,194 - game_state - INFO - Poker window detected by window title
2025-05-01 13:03:32,194 - game_state - INFO - [CARD DEBUG] Screenshot size: 2560x1600
2025-05-01 13:03:32,194 - game_state - INFO - [CARD DEBUG] Player card ROI: x=768, y=960, width=512, height=160
2025-05-01 13:03:32,198 - game_state - INFO - [CARD DEBUG] Found 3 potential card contours
2025-05-01 13:03:32,198 - game_state - INFO - [CARD DEBUG] Contour area: 1.5, min: 2457.6, max: 24576.0
2025-05-01 13:03:32,198 - game_state - INFO - [CARD DEBUG] Contour area: 14998.0, min: 2457.6, max: 24576.0
2025-05-01 13:03:32,199 - game_state - INFO - [CARD DEBUG] Contour aspect ratio: 0.9846153846153847
2025-05-01 13:03:32,201 - game_state - INFO - [CARD DEBUG] Saved card corner image to C:\GitRepositories\poker\debug\card_corner_1746097412.png
2025-05-01 13:03:32,433 - game_state - INFO - [CARD DEBUG] Red pixels: 0, Black pixels: 186
2025-05-01 13:03:32,680 - game_state - INFO - [CARD DEBUG] Raw OCR text: 'Q'
2025-05-01 13:03:32,681 - game_state - ERROR - Error identifying card: too many indices for array: array is 2-dimensional, but 3 were indexed
Traceback (most recent call last):
  File "C:\GitRepositories\poker\src\game_state.py", line 653, in _identify_card
    club_score = self._detect_club_shape(contours, black_processed.shape)
  File "C:\GitRepositories\poker\src\game_state.py", line 925, in _detect_club_shape
    bottom_width = np.max(bottom_part[:, :, 0]) - np.min(bottom_part[:, :, 0])
                          ~~~~~~~~~~~^^^^^^^^^
IndexError: too many indices for array: array is 2-dimensional, but 3 were indexed
2025-05-01 13:03:32,684 - game_state - INFO - [CARD DEBUG] Failed to identify card rank/suit
2025-05-01 13:03:32,684 - game_state - INFO - [CARD DEBUG] Contour area: 14879.0, min: 2457.6, max: 24576.0
2025-05-01 13:03:32,684 - game_state - INFO - [CARD DEBUG] Contour aspect ratio: 0.9922480620155039
2025-05-01 13:03:32,686 - game_state - INFO - [CARD DEBUG] Saved card corner image to C:\GitRepositories\poker\debug\card_corner_1746097412.png
2025-05-01 13:03:32,689 - game_state - INFO - [CARD DEBUG] Red pixels: 339, Black pixels: 0
2025-05-01 13:03:32,906 - game_state - INFO - [CARD DEBUG] Raw OCR text: ''
2025-05-01 13:03:32,908 - game_state - INFO - [CARD DEBUG] Heart score: 10, Diamond score: 0
2025-05-01 13:03:32,908 - game_state - INFO - [CARD DEBUG] Successfully identified card: Jh, is_red=True
2025-05-01 13:03:32,908 - game_state - INFO - [CARD DEBUG] Detected player card: Jh
2025-05-01 13:03:32,909 - game_state - INFO - [CARD DEBUG] Total card-like contours found: 2
2025-05-01 13:03:33,093 - game_state - INFO - [CARD DEBUG] Saved debug image to C:\GitRepositories\poker\debug\player_cards_debug_1746097412.png
2025-05-01 13:03:33,096 - game_state - INFO - [CARD DEBUG] Saved card mask to C:\GitRepositories\poker\debug\player_cards_mask_1746097413.png
2025-05-01 13:03:33,358 - game_state - INFO - Detected pot size: $0.12
2025-05-01 13:03:33,364 - game_state - INFO - Saved pot size debug image to C:\GitRepositories\poker\debug\pot_size_1746097413.png
2025-05-01 13:03:33,843 - game_state - INFO - Saved dealer button debug image to C:\GitRepositories\poker\debug\dealer_button_1746097413.png
2025-05-01 13:03:33,843 - game_state - INFO - Detected position: late (dealer on left)
2025-05-01 13:03:33,859 - game_state - INFO - Saved turn detection debug image to C:\GitRepositories\poker\debug\turn_detection_1746097413.png
2025-05-01 13:03:33,870 - game_state - INFO - Saved turn detection debug image to C:\GitRepositories\poker\debug\turn_detection_1746097413.png
2025-05-01 13:03:33,871 - game_state - INFO - Game state detected: 1 player cards, 0 community cards, pot: 0.12, is_our_turn: False
2025-05-01 13:03:33,871 - hand_analyzer - INFO - Hand analysis: incomplete (strength: 0.00, win probability: 0.00%)
2025-05-01 13:03:33,871 - decision_maker - WARNING - Asked to make decision but it's not our turn
2025-05-01 13:03:33,872 - bet_placer - INFO - Executing action: check
2025-05-01 13:03:35,543 - bet_placer - INFO - Clicked check button at (1171.0054077991892, 1379.6400572418231)
2025-05-01 13:03:37,675 - game_state - INFO - Screenshot size: 2560x1600
2025-05-01 13:03:37,677 - game_state - INFO - Target window 'NL Hold' found and visible
2025-05-01 13:03:37,677 - game_state - INFO - Poker window detected by window title
2025-05-01 13:03:37,678 - game_state - INFO - [CARD DEBUG] Screenshot size: 2560x1600
2025-05-01 13:03:37,679 - game_state - INFO - [CARD DEBUG] Player card ROI: x=768, y=960, width=512, height=160
2025-05-01 13:03:37,683 - game_state - INFO - [CARD DEBUG] Found 0 potential card contours
2025-05-01 13:03:37,684 - game_state - INFO - [CARD DEBUG] Total card-like contours found: 0
2025-05-01 13:03:37,878 - game_state - INFO - [CARD DEBUG] Saved debug image to C:\GitRepositories\poker\debug\player_cards_debug_1746097417.png
2025-05-01 13:03:37,880 - game_state - INFO - [CARD DEBUG] Saved card mask to C:\GitRepositories\poker\debug\player_cards_mask_1746097417.png
2025-05-01 13:03:38,114 - game_state - INFO - Detected pot size: $0.38
2025-05-01 13:03:38,118 - game_state - INFO - Saved pot size debug image to C:\GitRepositories\poker\debug\pot_size_1746097418.png
2025-05-01 13:03:38,596 - game_state - INFO - Saved dealer button debug image to C:\GitRepositories\poker\debug\dealer_button_1746097418.png
2025-05-01 13:03:38,597 - game_state - INFO - Detected position: late (dealer on left)
2025-05-01 13:03:38,612 - game_state - INFO - Saved turn detection debug image to C:\GitRepositories\poker\debug\turn_detection_1746097418.png
2025-05-01 13:03:38,627 - game_state - INFO - Saved turn detection debug image to C:\GitRepositories\poker\debug\turn_detection_1746097418.png
2025-05-01 13:03:38,629 - game_state - INFO - Game state detected: 0 player cards, 0 community cards, pot: 0.38, is_our_turn: False
2025-05-01 13:03:38,629 - hand_analyzer - WARNING - Cannot analyze hand: No player cards detected
2025-05-01 13:03:38,630 - decision_maker - WARNING - Asked to make decision but it's not our turn
2025-05-01 13:03:38,630 - bet_placer - INFO - Executing action: check
2025-05-01 13:03:40,308 - bet_placer - INFO - Clicked check button at (1173.1978489441694, 1379.4724125857301)
2025-05-01 13:03:42,435 - game_state - INFO - Screenshot size: 2560x1600
2025-05-01 13:03:42,437 - game_state - INFO - Target window 'NL Hold' found and visible
2025-05-01 13:03:42,437 - game_state - INFO - Poker window detected by window title
2025-05-01 13:03:42,438 - game_state - INFO - [CARD DEBUG] Screenshot size: 2560x1600
2025-05-01 13:03:42,438 - game_state - INFO - [CARD DEBUG] Player card ROI: x=768, y=960, width=512, height=160
2025-05-01 13:03:42,443 - game_state - INFO - [CARD DEBUG] Found 0 potential card contours
2025-05-01 13:03:42,444 - game_state - INFO - [CARD DEBUG] Total card-like contours found: 0
2025-05-01 13:03:42,658 - game_state - INFO - [CARD DEBUG] Saved debug image to C:\GitRepositories\poker\debug\player_cards_debug_1746097422.png
2025-05-01 13:03:42,667 - game_state - INFO - [CARD DEBUG] Saved card mask to C:\GitRepositories\poker\debug\player_cards_mask_1746097422.png
2025-05-01 13:03:43,353 - game_state - INFO - Saved turn detection debug image to C:\GitRepositories\poker\debug\turn_detection_1746097423.png
2025-05-01 13:03:43,367 - game_state - INFO - Saved turn detection debug image to C:\GitRepositories\poker\debug\turn_detection_1746097423.png
2025-05-01 13:03:43,368 - game_state - INFO - Game state detected: 0 player cards, 0 community cards, pot: 0.0, is_our_turn: False
2025-05-01 13:03:43,369 - hand_analyzer - WARNING - Cannot analyze hand: No player cards detected
2025-05-01 13:03:43,370 - decision_maker - WARNING - Asked to make decision but it's not our turn
2025-05-01 13:03:43,370 - bet_placer - INFO - Executing action: check
2025-05-01 13:03:45,043 - bet_placer - INFO - Clicked check button at (1177.204916616802, 1376.6504577697845)
2025-05-01 13:03:47,183 - game_state - INFO - Screenshot size: 2560x1600
2025-05-01 13:03:47,185 - game_state - INFO - Target window 'NL Hold' found and visible
2025-05-01 13:03:47,185 - game_state - INFO - Poker window detected by window title
2025-05-01 13:03:47,186 - game_state - INFO - [CARD DEBUG] Screenshot size: 2560x1600
2025-05-01 13:03:47,186 - game_state - INFO - [CARD DEBUG] Player card ROI: x=768, y=960, width=512, height=160
2025-05-01 13:03:47,192 - game_state - INFO - [CARD DEBUG] Found 3 potential card contours
2025-05-01 13:03:47,192 - game_state - INFO - [CARD DEBUG] Contour area: 1.5, min: 2457.6, max: 24576.0
2025-05-01 13:03:47,193 - game_state - INFO - [CARD DEBUG] Contour area: 14877.0, min: 2457.6, max: 24576.0
2025-05-01 13:03:47,193 - game_state - INFO - [CARD DEBUG] Contour aspect ratio: 0.9846153846153847
2025-05-01 13:03:47,196 - game_state - INFO - [CARD DEBUG] Saved card corner image to C:\GitRepositories\poker\debug\card_corner_1746097427.png
2025-05-01 13:03:47,199 - game_state - INFO - [CARD DEBUG] Red pixels: 342, Black pixels: 1
2025-05-01 13:03:47,431 - game_state - INFO - [CARD DEBUG] Raw OCR text: '9'
2025-05-01 13:03:47,432 - game_state - INFO - [CARD DEBUG] Heart score: 10, Diamond score: 0
2025-05-01 13:03:47,432 - game_state - INFO - [CARD DEBUG] Successfully identified card: 9h, is_red=True
2025-05-01 13:03:47,433 - game_state - INFO - [CARD DEBUG] Detected player card: 9h
2025-05-01 13:03:47,433 - game_state - INFO - [CARD DEBUG] Contour area: 14921.0, min: 2457.6, max: 24576.0
2025-05-01 13:03:47,433 - game_state - INFO - [CARD DEBUG] Contour aspect ratio: 0.9922480620155039
2025-05-01 13:03:47,435 - game_state - INFO - [CARD DEBUG] Saved card corner image to C:\GitRepositories\poker\debug\card_corner_1746097427.png
2025-05-01 13:03:47,437 - game_state - INFO - [CARD DEBUG] Red pixels: 0, Black pixels: 134
2025-05-01 13:03:47,662 - game_state - INFO - [CARD DEBUG] Raw OCR text: '5'
2025-05-01 13:03:47,664 - game_state - ERROR - Error identifying card: too many indices for array: array is 2-dimensional, but 3 were indexed
Traceback (most recent call last):
  File "C:\GitRepositories\poker\src\game_state.py", line 653, in _identify_card
    club_score = self._detect_club_shape(contours, black_processed.shape)
  File "C:\GitRepositories\poker\src\game_state.py", line 925, in _detect_club_shape
    bottom_width = np.max(bottom_part[:, :, 0]) - np.min(bottom_part[:, :, 0])
                          ~~~~~~~~~~~^^^^^^^^^
IndexError: too many indices for array: array is 2-dimensional, but 3 were indexed
2025-05-01 13:03:47,665 - game_state - INFO - [CARD DEBUG] Failed to identify card rank/suit
2025-05-01 13:03:47,666 - game_state - INFO - [CARD DEBUG] Total card-like contours found: 2
2025-05-01 13:03:47,865 - game_state - INFO - [CARD DEBUG] Saved debug image to C:\GitRepositories\poker\debug\player_cards_debug_1746097427.png
2025-05-01 13:03:47,867 - game_state - INFO - [CARD DEBUG] Saved card mask to C:\GitRepositories\poker\debug\player_cards_mask_1746097427.png
2025-05-01 13:03:48,087 - game_state - INFO - Detected pot size: $0.03
2025-05-01 13:03:48,096 - game_state - INFO - Saved pot size debug image to C:\GitRepositories\poker\debug\pot_size_1746097428.png
2025-05-01 13:03:48,597 - game_state - INFO - Saved turn detection debug image to C:\GitRepositories\poker\debug\turn_detection_1746097428.png
2025-05-01 13:03:48,612 - game_state - INFO - Saved turn detection debug image to C:\GitRepositories\poker\debug\turn_detection_1746097428.png
2025-05-01 13:03:48,613 - game_state - INFO - Game state detected: 1 player cards, 0 community cards, pot: 0.03, is_our_turn: False
2025-05-01 13:03:48,614 - hand_analyzer - INFO - Hand analysis: incomplete (strength: 0.00, win probability: 0.00%)
2025-05-01 13:03:48,614 - decision_maker - WARNING - Asked to make decision but it's not our turn
2025-05-01 13:03:48,614 - bet_placer - INFO - Executing action: check
2025-05-01 13:03:50,292 - bet_placer - INFO - Clicked check button at (1169.8226059151457, 1377.4636430106423)
2025-05-01 13:03:52,437 - game_state - INFO - Screenshot size: 2560x1600
2025-05-01 13:03:52,438 - game_state - INFO - Target window 'NL Hold' found and visible
2025-05-01 13:03:52,440 - game_state - INFO - Poker window detected by window title
2025-05-01 13:03:52,440 - game_state - INFO - [CARD DEBUG] Screenshot size: 2560x1600
2025-05-01 13:03:52,441 - game_state - INFO - [CARD DEBUG] Player card ROI: x=768, y=960, width=512, height=160
2025-05-01 13:03:52,444 - game_state - INFO - [CARD DEBUG] Found 0 potential card contours
2025-05-01 13:03:52,444 - game_state - INFO - [CARD DEBUG] Total card-like contours found: 0
2025-05-01 13:03:52,647 - game_state - INFO - [CARD DEBUG] Saved debug image to C:\GitRepositories\poker\debug\player_cards_debug_1746097432.png
2025-05-01 13:03:52,649 - game_state - INFO - [CARD DEBUG] Saved card mask to C:\GitRepositories\poker\debug\player_cards_mask_1746097432.png
2025-05-01 13:03:52,868 - game_state - INFO - Detected pot size: $0.03
2025-05-01 13:03:52,874 - game_state - INFO - Saved pot size debug image to C:\GitRepositories\poker\debug\pot_size_1746097432.png
2025-05-01 13:03:53,358 - game_state - INFO - Saved turn detection debug image to C:\GitRepositories\poker\debug\turn_detection_1746097433.png
2025-05-01 13:03:53,371 - game_state - INFO - Saved turn detection debug image to C:\GitRepositories\poker\debug\turn_detection_1746097433.png
2025-05-01 13:03:53,372 - game_state - INFO - Game state detected: 0 player cards, 0 community cards, pot: 0.03, is_our_turn: False
2025-05-01 13:03:53,373 - hand_analyzer - WARNING - Cannot analyze hand: No player cards detected
2025-05-01 13:03:53,374 - decision_maker - WARNING - Asked to make decision but it's not our turn
2025-05-01 13:03:53,374 - bet_placer - INFO - Executing action: check
2025-05-01 13:03:55,059 - bet_placer - INFO - Clicked check button at (1176.8692893423915, 1374.9784672790495)
2025-05-01 13:03:57,193 - game_state - INFO - Screenshot size: 2560x1600
2025-05-01 13:03:57,194 - game_state - INFO - Target window 'NL Hold' found and visible
2025-05-01 13:03:57,195 - game_state - INFO - Poker window detected by window title
2025-05-01 13:03:57,195 - game_state - INFO - [CARD DEBUG] Screenshot size: 2560x1600
2025-05-01 13:03:57,195 - game_state - INFO - [CARD DEBUG] Player card ROI: x=768, y=960, width=512, height=160
2025-05-01 13:03:57,199 - game_state - INFO - [CARD DEBUG] Found 0 potential card contours
2025-05-01 13:03:57,200 - game_state - INFO - [CARD DEBUG] Total card-like contours found: 0
2025-05-01 13:03:57,414 - game_state - INFO - [CARD DEBUG] Saved debug image to C:\GitRepositories\poker\debug\player_cards_debug_1746097437.png
2025-05-01 13:03:57,416 - game_state - INFO - [CARD DEBUG] Saved card mask to C:\GitRepositories\poker\debug\player_cards_mask_1746097437.png
2025-05-01 13:03:57,641 - game_state - INFO - Detected pot size: $0.02
2025-05-01 13:03:57,646 - game_state - INFO - Saved pot size debug image to C:\GitRepositories\poker\debug\pot_size_1746097437.png
2025-05-01 13:03:57,871 - game_state - INFO - Detected current bet: $0.01
2025-05-01 13:03:57,877 - game_state - INFO - Saved current bet debug image to C:\GitRepositories\poker\debug\current_bet_1746097437.png
2025-05-01 13:03:58,128 - game_state - INFO - Saved turn detection debug image to C:\GitRepositories\poker\debug\turn_detection_1746097438.png
2025-05-01 13:03:58,143 - game_state - INFO - Saved turn detection debug image to C:\GitRepositories\poker\debug\turn_detection_1746097438.png
2025-05-01 13:03:58,144 - game_state - INFO - Game state detected: 0 player cards, 0 community cards, pot: 0.02, is_our_turn: False
2025-05-01 13:03:58,144 - hand_analyzer - WARNING - Cannot analyze hand: No player cards detected
2025-05-01 13:03:58,145 - decision_maker - WARNING - Asked to make decision but it's not our turn
2025-05-01 13:03:58,145 - bet_placer - INFO - Executing action: check
2025-05-01 13:03:59,825 - bet_placer - INFO - Clicked check button at (1171.1498479042373, 1374.9349859425765)
2025-05-01 13:04:01,956 - game_state - INFO - Screenshot size: 2560x1600
2025-05-01 13:04:01,960 - game_state - INFO - Target window 'NL Hold' found and visible
2025-05-01 13:04:01,961 - game_state - INFO - Poker window detected by window title
2025-05-01 13:04:01,961 - game_state - INFO - [CARD DEBUG] Screenshot size: 2560x1600
2025-05-01 13:04:01,962 - game_state - INFO - [CARD DEBUG] Player card ROI: x=768, y=960, width=512, height=160
2025-05-01 13:04:01,966 - game_state - INFO - [CARD DEBUG] Found 4 potential card contours
2025-05-01 13:04:01,967 - game_state - INFO - [CARD DEBUG] Contour area: 1.5, min: 2457.6, max: 24576.0
2025-05-01 13:04:01,967 - game_state - INFO - [CARD DEBUG] Contour area: 190.0, min: 2457.6, max: 24576.0
2025-05-01 13:04:01,967 - game_state - INFO - [CARD DEBUG] Contour area: 13599.5, min: 2457.6, max: 24576.0
2025-05-01 13:04:01,968 - game_state - INFO - [CARD DEBUG] Contour aspect ratio: 0.9846153846153847
2025-05-01 13:04:01,970 - game_state - INFO - [CARD DEBUG] Saved card corner image to C:\GitRepositories\poker\debug\card_corner_1746097441.png
2025-05-01 13:04:01,980 - game_state - INFO - [CARD DEBUG] Red pixels: 383, Black pixels: 1
2025-05-01 13:04:02,212 - game_state - INFO - [CARD DEBUG] Raw OCR text: ''
2025-05-01 13:04:02,213 - game_state - INFO - [CARD DEBUG] Heart score: 15, Diamond score: 15
2025-05-01 13:04:02,213 - game_state - INFO - [CARD DEBUG] Successfully identified card: Kd, is_red=True
2025-05-01 13:04:02,214 - game_state - INFO - [CARD DEBUG] Detected player card: Kd
2025-05-01 13:04:02,214 - game_state - INFO - [CARD DEBUG] Contour area: 14879.0, min: 2457.6, max: 24576.0
2025-05-01 13:04:02,215 - game_state - INFO - [CARD DEBUG] Contour aspect ratio: 0.9922480620155039
2025-05-01 13:04:02,216 - game_state - INFO - [CARD DEBUG] Saved card corner image to C:\GitRepositories\poker\debug\card_corner_1746097442.png
2025-05-01 13:04:02,218 - game_state - INFO - [CARD DEBUG] Red pixels: 326, Black pixels: 0
2025-05-01 13:04:02,431 - game_state - INFO - [CARD DEBUG] Raw OCR text: 'A'
2025-05-01 13:04:02,432 - game_state - INFO - [CARD DEBUG] Heart score: 10, Diamond score: 5
2025-05-01 13:04:02,432 - game_state - INFO - [CARD DEBUG] Successfully identified card: Ah, is_red=True
2025-05-01 13:04:02,433 - game_state - INFO - [CARD DEBUG] Detected player card: Ah
2025-05-01 13:04:02,433 - game_state - INFO - [CARD DEBUG] Total card-like contours found: 2
2025-05-01 13:04:02,638 - game_state - INFO - [CARD DEBUG] Saved debug image to C:\GitRepositories\poker\debug\player_cards_debug_1746097442.png
2025-05-01 13:04:02,641 - game_state - INFO - [CARD DEBUG] Saved card mask to C:\GitRepositories\poker\debug\player_cards_mask_1746097442.png
2025-05-01 13:04:02,858 - game_state - INFO - Detected pot size: $0.03
2025-05-01 13:04:02,864 - game_state - INFO - Saved pot size debug image to C:\GitRepositories\poker\debug\pot_size_1746097442.png
2025-05-01 13:04:03,342 - game_state - INFO - Saved dealer button debug image to C:\GitRepositories\poker\debug\dealer_button_1746097443.png
2025-05-01 13:04:03,343 - game_state - INFO - Detected position: early (dealer on right)
2025-05-01 13:04:03,355 - game_state - INFO - Saved turn detection debug image to C:\GitRepositories\poker\debug\turn_detection_1746097443.png
2025-05-01 13:04:03,368 - game_state - INFO - Saved turn detection debug image to C:\GitRepositories\poker\debug\turn_detection_1746097443.png
2025-05-01 13:04:03,369 - game_state - INFO - Game state detected: 2 player cards, 0 community cards, pot: 0.03, is_our_turn: False
2025-05-01 13:04:03,369 - hand_analyzer - INFO - Hand analysis: connectors (strength: 0.39, win probability: 14.17%)
2025-05-01 13:04:03,369 - decision_maker - WARNING - Asked to make decision but it's not our turn
2025-05-01 13:04:03,370 - bet_placer - INFO - Executing action: check
2025-05-01 13:04:05,042 - bet_placer - INFO - Clicked check button at (1169.471922573205, 1377.4149666106573)
2025-05-01 13:04:07,175 - game_state - INFO - Screenshot size: 2560x1600
2025-05-01 13:04:07,178 - game_state - INFO - Target window 'NL Hold' found and visible
2025-05-01 13:04:07,179 - game_state - INFO - Poker window detected by window title
2025-05-01 13:04:07,179 - game_state - INFO - [CARD DEBUG] Screenshot size: 2560x1600
2025-05-01 13:04:07,180 - game_state - INFO - [CARD DEBUG] Player card ROI: x=768, y=960, width=512, height=160
2025-05-01 13:04:07,185 - game_state - INFO - [CARD DEBUG] Found 4 potential card contours
2025-05-01 13:04:07,186 - game_state - INFO - [CARD DEBUG] Contour area: 1.5, min: 2457.6, max: 24576.0
2025-05-01 13:04:07,186 - game_state - INFO - [CARD DEBUG] Contour area: 190.0, min: 2457.6, max: 24576.0
2025-05-01 13:04:07,187 - game_state - INFO - [CARD DEBUG] Contour area: 13599.5, min: 2457.6, max: 24576.0
2025-05-01 13:04:07,188 - game_state - INFO - [CARD DEBUG] Contour aspect ratio: 0.9846153846153847
2025-05-01 13:04:07,193 - game_state - INFO - [CARD DEBUG] Saved card corner image to C:\GitRepositories\poker\debug\card_corner_1746097447.png
2025-05-01 13:04:07,197 - game_state - INFO - [CARD DEBUG] Red pixels: 383, Black pixels: 1
2025-05-01 13:04:07,411 - game_state - INFO - [CARD DEBUG] Raw OCR text: ''
2025-05-01 13:04:07,412 - game_state - INFO - [CARD DEBUG] Heart score: 15, Diamond score: 15
2025-05-01 13:04:07,412 - game_state - INFO - [CARD DEBUG] Successfully identified card: Kd, is_red=True
2025-05-01 13:04:07,412 - game_state - INFO - [CARD DEBUG] Detected player card: Kd
2025-05-01 13:04:07,413 - game_state - INFO - [CARD DEBUG] Contour area: 14879.0, min: 2457.6, max: 24576.0
2025-05-01 13:04:07,413 - game_state - INFO - [CARD DEBUG] Contour aspect ratio: 0.9922480620155039
2025-05-01 13:04:07,415 - game_state - INFO - [CARD DEBUG] Saved card corner image to C:\GitRepositories\poker\debug\card_corner_1746097447.png
2025-05-01 13:04:07,417 - game_state - INFO - [CARD DEBUG] Red pixels: 326, Black pixels: 0
2025-05-01 13:04:07,628 - game_state - INFO - [CARD DEBUG] Raw OCR text: 'A'
2025-05-01 13:04:07,631 - game_state - INFO - [CARD DEBUG] Heart score: 10, Diamond score: 5
2025-05-01 13:04:07,631 - game_state - INFO - [CARD DEBUG] Successfully identified card: Ah, is_red=True
2025-05-01 13:04:07,639 - game_state - INFO - [CARD DEBUG] Detected player card: Ah
2025-05-01 13:04:07,640 - game_state - INFO - [CARD DEBUG] Total card-like contours found: 2
2025-05-01 13:04:07,854 - game_state - INFO - [CARD DEBUG] Saved debug image to C:\GitRepositories\poker\debug\player_cards_debug_1746097447.png
2025-05-01 13:04:07,856 - game_state - INFO - [CARD DEBUG] Saved card mask to C:\GitRepositories\poker\debug\player_cards_mask_1746097447.png
2025-05-01 13:04:08,090 - game_state - INFO - Detected pot size: $0.03
2025-05-01 13:04:08,099 - game_state - INFO - Saved pot size debug image to C:\GitRepositories\poker\debug\pot_size_1746097448.png
2025-05-01 13:04:08,558 - game_state - INFO - Saved dealer button debug image to C:\GitRepositories\poker\debug\dealer_button_1746097448.png
2025-05-01 13:04:08,558 - game_state - INFO - Detected position: early (dealer on right)
2025-05-01 13:04:08,578 - game_state - INFO - Saved turn detection debug image to C:\GitRepositories\poker\debug\turn_detection_1746097448.png
2025-05-01 13:04:08,589 - game_state - INFO - Saved turn detection debug image to C:\GitRepositories\poker\debug\turn_detection_1746097448.png
2025-05-01 13:04:08,590 - game_state - INFO - Game state detected: 2 player cards, 0 community cards, pot: 0.03, is_our_turn: False
2025-05-01 13:04:08,590 - hand_analyzer - INFO - Hand analysis: connectors (strength: 0.39, win probability: 14.17%)
2025-05-01 13:04:08,591 - decision_maker - WARNING - Asked to make decision but it's not our turn
2025-05-01 13:04:08,591 - bet_placer - INFO - Executing action: check
2025-05-01 13:04:10,277 - bet_placer - INFO - Clicked check button at (1174.370816058254, 1379.409353133523)
2025-05-01 13:04:12,410 - game_state - INFO - Screenshot size: 2560x1600
2025-05-01 13:04:12,412 - game_state - INFO - Target window 'NL Hold' found and visible
2025-05-01 13:04:12,413 - game_state - INFO - Poker window detected by window title
2025-05-01 13:04:12,413 - game_state - INFO - [CARD DEBUG] Screenshot size: 2560x1600
2025-05-01 13:04:12,413 - game_state - INFO - [CARD DEBUG] Player card ROI: x=768, y=960, width=512, height=160
2025-05-01 13:04:12,417 - game_state - INFO - [CARD DEBUG] Found 4 potential card contours
2025-05-01 13:04:12,417 - game_state - INFO - [CARD DEBUG] Contour area: 1.5, min: 2457.6, max: 24576.0
2025-05-01 13:04:12,417 - game_state - INFO - [CARD DEBUG] Contour area: 190.0, min: 2457.6, max: 24576.0
2025-05-01 13:04:12,418 - game_state - INFO - [CARD DEBUG] Contour area: 13599.5, min: 2457.6, max: 24576.0
2025-05-01 13:04:12,418 - game_state - INFO - [CARD DEBUG] Contour aspect ratio: 0.9846153846153847
2025-05-01 13:04:12,420 - game_state - INFO - [CARD DEBUG] Saved card corner image to C:\GitRepositories\poker\debug\card_corner_1746097452.png
2025-05-01 13:04:12,427 - game_state - INFO - [CARD DEBUG] Red pixels: 383, Black pixels: 1
2025-05-01 13:04:12,644 - game_state - INFO - [CARD DEBUG] Raw OCR text: ''
2025-05-01 13:04:12,645 - game_state - INFO - [CARD DEBUG] Heart score: 15, Diamond score: 15
2025-05-01 13:04:12,645 - game_state - INFO - [CARD DEBUG] Successfully identified card: Kd, is_red=True
2025-05-01 13:04:12,645 - game_state - INFO - [CARD DEBUG] Detected player card: Kd
2025-05-01 13:04:12,646 - game_state - INFO - [CARD DEBUG] Contour area: 14879.0, min: 2457.6, max: 24576.0
2025-05-01 13:04:12,646 - game_state - INFO - [CARD DEBUG] Contour aspect ratio: 0.9922480620155039
2025-05-01 13:04:12,647 - game_state - INFO - [CARD DEBUG] Saved card corner image to C:\GitRepositories\poker\debug\card_corner_1746097452.png
2025-05-01 13:04:12,649 - game_state - INFO - [CARD DEBUG] Red pixels: 326, Black pixels: 0
2025-05-01 13:04:12,848 - game_state - INFO - [CARD DEBUG] Raw OCR text: 'A'
2025-05-01 13:04:12,849 - game_state - INFO - [CARD DEBUG] Heart score: 10, Diamond score: 5
2025-05-01 13:04:12,849 - game_state - INFO - [CARD DEBUG] Successfully identified card: Ah, is_red=True
2025-05-01 13:04:12,849 - game_state - INFO - [CARD DEBUG] Detected player card: Ah
2025-05-01 13:04:12,849 - game_state - INFO - [CARD DEBUG] Total card-like contours found: 2
2025-05-01 13:04:13,077 - game_state - INFO - [CARD DEBUG] Saved debug image to C:\GitRepositories\poker\debug\player_cards_debug_1746097452.png
2025-05-01 13:04:13,080 - game_state - INFO - [CARD DEBUG] Saved card mask to C:\GitRepositories\poker\debug\player_cards_mask_1746097453.png
2025-05-01 13:04:13,294 - game_state - INFO - Detected pot size: $0.03
2025-05-01 13:04:13,299 - game_state - INFO - Saved pot size debug image to C:\GitRepositories\poker\debug\pot_size_1746097453.png
2025-05-01 13:04:13,794 - game_state - INFO - Saved dealer button debug image to C:\GitRepositories\poker\debug\dealer_button_1746097453.png
2025-05-01 13:04:13,795 - game_state - INFO - Detected position: early (dealer on right)
2025-05-01 13:04:13,812 - game_state - INFO - Saved turn detection debug image to C:\GitRepositories\poker\debug\turn_detection_1746097453.png
2025-05-01 13:04:13,829 - game_state - INFO - Saved turn detection debug image to C:\GitRepositories\poker\debug\turn_detection_1746097453.png
2025-05-01 13:04:13,830 - game_state - INFO - Game state detected: 2 player cards, 0 community cards, pot: 0.03, is_our_turn: False
2025-05-01 13:04:13,830 - hand_analyzer - INFO - Hand analysis: connectors (strength: 0.39, win probability: 14.17%)
2025-05-01 13:04:13,830 - decision_maker - WARNING - Asked to make decision but it's not our turn
2025-05-01 13:04:13,830 - bet_placer - INFO - Executing action: check
2025-05-01 13:04:15,508 - bet_placer - INFO - Clicked check button at (1176.9139289312936, 1376.745476104826)
2025-05-01 13:04:17,647 - game_state - INFO - Screenshot size: 2560x1600
2025-05-01 13:04:17,648 - game_state - INFO - Target window 'NL Hold' found and visible
2025-05-01 13:04:17,648 - game_state - INFO - Poker window detected by window title
2025-05-01 13:04:17,649 - game_state - INFO - [CARD DEBUG] Screenshot size: 2560x1600
2025-05-01 13:04:17,649 - game_state - INFO - [CARD DEBUG] Player card ROI: x=768, y=960, width=512, height=160
2025-05-01 13:04:17,652 - game_state - INFO - [CARD DEBUG] Found 4 potential card contours
2025-05-01 13:04:17,653 - game_state - INFO - [CARD DEBUG] Contour area: 1.5, min: 2457.6, max: 24576.0
2025-05-01 13:04:17,653 - game_state - INFO - [CARD DEBUG] Contour area: 190.0, min: 2457.6, max: 24576.0
2025-05-01 13:04:17,654 - game_state - INFO - [CARD DEBUG] Contour area: 13599.5, min: 2457.6, max: 24576.0
2025-05-01 13:04:17,654 - game_state - INFO - [CARD DEBUG] Contour aspect ratio: 0.9846153846153847
2025-05-01 13:04:17,659 - game_state - INFO - [CARD DEBUG] Saved card corner image to C:\GitRepositories\poker\debug\card_corner_1746097457.png
2025-05-01 13:04:17,662 - game_state - INFO - [CARD DEBUG] Red pixels: 383, Black pixels: 1
2025-05-01 13:04:17,868 - game_state - INFO - [CARD DEBUG] Raw OCR text: ''
2025-05-01 13:04:17,869 - game_state - INFO - [CARD DEBUG] Heart score: 15, Diamond score: 15
2025-05-01 13:04:17,869 - game_state - INFO - [CARD DEBUG] Successfully identified card: Kd, is_red=True
2025-05-01 13:04:17,869 - game_state - INFO - [CARD DEBUG] Detected player card: Kd
2025-05-01 13:04:17,870 - game_state - INFO - [CARD DEBUG] Contour area: 14879.0, min: 2457.6, max: 24576.0
2025-05-01 13:04:17,870 - game_state - INFO - [CARD DEBUG] Contour aspect ratio: 0.9922480620155039
2025-05-01 13:04:17,871 - game_state - INFO - [CARD DEBUG] Saved card corner image to C:\GitRepositories\poker\debug\card_corner_1746097457.png
2025-05-01 13:04:17,876 - game_state - INFO - [CARD DEBUG] Red pixels: 326, Black pixels: 0
2025-05-01 13:04:18,082 - game_state - INFO - [CARD DEBUG] Raw OCR text: 'A'
2025-05-01 13:04:18,083 - game_state - INFO - [CARD DEBUG] Heart score: 10, Diamond score: 5
2025-05-01 13:04:18,083 - game_state - INFO - [CARD DEBUG] Successfully identified card: Ah, is_red=True
2025-05-01 13:04:18,083 - game_state - INFO - [CARD DEBUG] Detected player card: Ah
2025-05-01 13:04:18,084 - game_state - INFO - [CARD DEBUG] Total card-like contours found: 2
2025-05-01 13:04:18,290 - game_state - INFO - [CARD DEBUG] Saved debug image to C:\GitRepositories\poker\debug\player_cards_debug_1746097458.png
2025-05-01 13:04:18,293 - game_state - INFO - [CARD DEBUG] Saved card mask to C:\GitRepositories\poker\debug\player_cards_mask_1746097458.png
2025-05-01 13:04:18,525 - game_state - INFO - Detected pot size: $0.06
2025-05-01 13:04:18,531 - game_state - INFO - Saved pot size debug image to C:\GitRepositories\poker\debug\pot_size_1746097458.png
2025-05-01 13:04:19,043 - game_state - INFO - Saved dealer button debug image to C:\GitRepositories\poker\debug\dealer_button_1746097458.png
2025-05-01 13:04:19,043 - game_state - INFO - Detected position: early (dealer on right)
2025-05-01 13:04:19,056 - game_state - INFO - Saved turn detection debug image to C:\GitRepositories\poker\debug\turn_detection_1746097459.png
2025-05-01 13:04:19,069 - game_state - INFO - Saved turn detection debug image to C:\GitRepositories\poker\debug\turn_detection_1746097459.png
2025-05-01 13:04:19,070 - game_state - INFO - Game state detected: 2 player cards, 0 community cards, pot: 0.06, is_our_turn: False
2025-05-01 13:04:19,071 - hand_analyzer - INFO - Hand analysis: connectors (strength: 0.39, win probability: 14.17%)
2025-05-01 13:04:19,071 - decision_maker - WARNING - Asked to make decision but it's not our turn
2025-05-01 13:04:19,071 - bet_placer - INFO - Executing action: check
2025-05-01 13:04:20,744 - bet_placer - INFO - Clicked check button at (1171.2607434911918, 1379.0088261741168)
2025-05-01 13:04:22,877 - game_state - INFO - Screenshot size: 2560x1600
2025-05-01 13:04:22,879 - game_state - INFO - Target window 'NL Hold' found and visible
2025-05-01 13:04:22,879 - game_state - INFO - Poker window detected by window title
2025-05-01 13:04:22,880 - game_state - INFO - [CARD DEBUG] Screenshot size: 2560x1600
2025-05-01 13:04:22,880 - game_state - INFO - [CARD DEBUG] Player card ROI: x=768, y=960, width=512, height=160
2025-05-01 13:04:22,884 - game_state - INFO - [CARD DEBUG] Found 4 potential card contours
2025-05-01 13:04:22,884 - game_state - INFO - [CARD DEBUG] Contour area: 1.5, min: 2457.6, max: 24576.0
2025-05-01 13:04:22,884 - game_state - INFO - [CARD DEBUG] Contour area: 190.0, min: 2457.6, max: 24576.0
2025-05-01 13:04:22,885 - game_state - INFO - [CARD DEBUG] Contour area: 13599.5, min: 2457.6, max: 24576.0
2025-05-01 13:04:22,885 - game_state - INFO - [CARD DEBUG] Contour aspect ratio: 0.9846153846153847
2025-05-01 13:04:22,888 - game_state - INFO - [CARD DEBUG] Saved card corner image to C:\GitRepositories\poker\debug\card_corner_1746097462.png
2025-05-01 13:04:22,892 - game_state - INFO - [CARD DEBUG] Red pixels: 383, Black pixels: 1
2025-05-01 13:04:23,098 - game_state - INFO - [CARD DEBUG] Raw OCR text: ''
2025-05-01 13:04:23,099 - game_state - INFO - [CARD DEBUG] Heart score: 15, Diamond score: 15
2025-05-01 13:04:23,099 - game_state - INFO - [CARD DEBUG] Successfully identified card: Kd, is_red=True
2025-05-01 13:04:23,099 - game_state - INFO - [CARD DEBUG] Detected player card: Kd
2025-05-01 13:04:23,100 - game_state - INFO - [CARD DEBUG] Contour area: 14879.0, min: 2457.6, max: 24576.0
2025-05-01 13:04:23,100 - game_state - INFO - [CARD DEBUG] Contour aspect ratio: 0.9922480620155039
2025-05-01 13:04:23,102 - game_state - INFO - [CARD DEBUG] Saved card corner image to C:\GitRepositories\poker\debug\card_corner_1746097463.png
2025-05-01 13:04:23,104 - game_state - INFO - [CARD DEBUG] Red pixels: 326, Black pixels: 0
2025-05-01 13:04:23,302 - game_state - INFO - [CARD DEBUG] Raw OCR text: 'A'
2025-05-01 13:04:23,302 - game_state - INFO - [CARD DEBUG] Heart score: 10, Diamond score: 5
2025-05-01 13:04:23,303 - game_state - INFO - [CARD DEBUG] Successfully identified card: Ah, is_red=True
2025-05-01 13:04:23,303 - game_state - INFO - [CARD DEBUG] Detected player card: Ah
2025-05-01 13:04:23,303 - game_state - INFO - [CARD DEBUG] Total card-like contours found: 2
2025-05-01 13:04:23,497 - game_state - INFO - [CARD DEBUG] Saved debug image to C:\GitRepositories\poker\debug\player_cards_debug_1746097463.png
2025-05-01 13:04:23,500 - game_state - INFO - [CARD DEBUG] Saved card mask to C:\GitRepositories\poker\debug\player_cards_mask_1746097463.png
2025-05-01 13:04:23,754 - game_state - INFO - Detected pot size: $0.12
2025-05-01 13:04:23,762 - game_state - INFO - Saved pot size debug image to C:\GitRepositories\poker\debug\pot_size_1746097463.png
2025-05-01 13:04:24,009 - game_state - INFO - Detected current bet: $0.08
2025-05-01 13:04:24,014 - game_state - INFO - Saved current bet debug image to C:\GitRepositories\poker\debug\current_bet_1746097464.png
2025-05-01 13:04:24,306 - game_state - INFO - Saved dealer button debug image to C:\GitRepositories\poker\debug\dealer_button_1746097464.png
2025-05-01 13:04:24,307 - game_state - INFO - Detected position: early (dealer on right)
2025-05-01 13:04:24,322 - game_state - INFO - Saved turn detection debug image to C:\GitRepositories\poker\debug\turn_detection_1746097464.png
2025-05-01 13:04:24,334 - game_state - INFO - Saved turn detection debug image to C:\GitRepositories\poker\debug\turn_detection_1746097464.png
2025-05-01 13:04:24,335 - game_state - INFO - Game state detected: 2 player cards, 0 community cards, pot: 0.12, is_our_turn: False
2025-05-01 13:04:24,335 - hand_analyzer - INFO - Hand analysis: connectors (strength: 0.39, win probability: 14.17%)
2025-05-01 13:04:24,335 - decision_maker - WARNING - Asked to make decision but it's not our turn
2025-05-01 13:04:24,336 - bet_placer - INFO - Executing action: check
2025-05-01 13:04:26,010 - bet_placer - INFO - Clicked check button at (1169.1477756614322, 1374.6243113953644)
2025-05-01 13:04:28,132 - game_state - INFO - Screenshot size: 2560x1600
2025-05-01 13:04:28,133 - game_state - INFO - Target window 'NL Hold' found and visible
2025-05-01 13:04:28,134 - game_state - INFO - Poker window detected by window title
2025-05-01 13:04:28,134 - game_state - INFO - [CARD DEBUG] Screenshot size: 2560x1600
2025-05-01 13:04:28,135 - game_state - INFO - [CARD DEBUG] Player card ROI: x=768, y=960, width=512, height=160
2025-05-01 13:04:28,138 - game_state - INFO - [CARD DEBUG] Found 4 potential card contours
2025-05-01 13:04:28,138 - game_state - INFO - [CARD DEBUG] Contour area: 1.5, min: 2457.6, max: 24576.0
2025-05-01 13:04:28,138 - game_state - INFO - [CARD DEBUG] Contour area: 190.0, min: 2457.6, max: 24576.0
2025-05-01 13:04:28,138 - game_state - INFO - [CARD DEBUG] Contour area: 13599.5, min: 2457.6, max: 24576.0
2025-05-01 13:04:28,139 - game_state - INFO - [CARD DEBUG] Contour aspect ratio: 0.9846153846153847
2025-05-01 13:04:28,142 - game_state - INFO - [CARD DEBUG] Saved card corner image to C:\GitRepositories\poker\debug\card_corner_1746097468.png
2025-05-01 13:04:28,146 - game_state - INFO - [CARD DEBUG] Red pixels: 383, Black pixels: 1
2025-05-01 13:04:28,365 - game_state - INFO - [CARD DEBUG] Raw OCR text: ''
2025-05-01 13:04:28,365 - game_state - INFO - [CARD DEBUG] Heart score: 15, Diamond score: 15
2025-05-01 13:04:28,366 - game_state - INFO - [CARD DEBUG] Successfully identified card: Kd, is_red=True
2025-05-01 13:04:28,366 - game_state - INFO - [CARD DEBUG] Detected player card: Kd
2025-05-01 13:04:28,366 - game_state - INFO - [CARD DEBUG] Contour area: 14879.0, min: 2457.6, max: 24576.0
2025-05-01 13:04:28,366 - game_state - INFO - [CARD DEBUG] Contour aspect ratio: 0.9922480620155039
2025-05-01 13:04:28,368 - game_state - INFO - [CARD DEBUG] Saved card corner image to C:\GitRepositories\poker\debug\card_corner_1746097468.png
2025-05-01 13:04:28,370 - game_state - INFO - [CARD DEBUG] Red pixels: 326, Black pixels: 0
2025-05-01 13:04:28,595 - game_state - INFO - [CARD DEBUG] Raw OCR text: 'A'
2025-05-01 13:04:28,596 - game_state - INFO - [CARD DEBUG] Heart score: 10, Diamond score: 5
2025-05-01 13:04:28,596 - game_state - INFO - [CARD DEBUG] Successfully identified card: Ah, is_red=True
2025-05-01 13:04:28,596 - game_state - INFO - [CARD DEBUG] Detected player card: Ah
2025-05-01 13:04:28,597 - game_state - INFO - [CARD DEBUG] Total card-like contours found: 2
2025-05-01 13:04:28,827 - game_state - INFO - [CARD DEBUG] Saved debug image to C:\GitRepositories\poker\debug\player_cards_debug_1746097468.png
2025-05-01 13:04:28,829 - game_state - INFO - [CARD DEBUG] Saved card mask to C:\GitRepositories\poker\debug\player_cards_mask_1746097468.png
2025-05-01 13:04:29,078 - game_state - INFO - Detected pot size: $0.16
2025-05-01 13:04:29,084 - game_state - INFO - Saved pot size debug image to C:\GitRepositories\poker\debug\pot_size_1746097469.png
2025-05-01 13:04:29,571 - game_state - INFO - Saved dealer button debug image to C:\GitRepositories\poker\debug\dealer_button_1746097469.png
2025-05-01 13:04:29,571 - game_state - INFO - Detected position: early (dealer on right)
2025-05-01 13:04:29,585 - game_state - INFO - Saved turn detection debug image to C:\GitRepositories\poker\debug\turn_detection_1746097469.png
2025-05-01 13:04:29,600 - game_state - INFO - Saved turn detection debug image to C:\GitRepositories\poker\debug\turn_detection_1746097469.png
2025-05-01 13:04:29,602 - game_state - INFO - Game state detected: 2 player cards, 0 community cards, pot: 0.16, is_our_turn: False
2025-05-01 13:04:29,603 - hand_analyzer - INFO - Hand analysis: connectors (strength: 0.39, win probability: 14.17%)
2025-05-01 13:04:29,603 - decision_maker - WARNING - Asked to make decision but it's not our turn
2025-05-01 13:04:29,604 - bet_placer - INFO - Executing action: check
2025-05-01 13:04:31,277 - bet_placer - INFO - Clicked check button at (1169.860737662744, 1374.077243780129)
2025-05-01 13:04:33,417 - game_state - INFO - Screenshot size: 2560x1600
2025-05-01 13:04:33,419 - game_state - INFO - Target window 'NL Hold' found and visible
2025-05-01 13:04:33,419 - game_state - INFO - Poker window detected by window title
2025-05-01 13:04:33,420 - game_state - INFO - [CARD DEBUG] Screenshot size: 2560x1600
2025-05-01 13:04:33,420 - game_state - INFO - [CARD DEBUG] Player card ROI: x=768, y=960, width=512, height=160
2025-05-01 13:04:33,426 - game_state - INFO - [CARD DEBUG] Found 4 potential card contours
2025-05-01 13:04:33,426 - game_state - INFO - [CARD DEBUG] Contour area: 1.5, min: 2457.6, max: 24576.0
2025-05-01 13:04:33,427 - game_state - INFO - [CARD DEBUG] Contour area: 190.0, min: 2457.6, max: 24576.0
2025-05-01 13:04:33,427 - game_state - INFO - [CARD DEBUG] Contour area: 13599.5, min: 2457.6, max: 24576.0
2025-05-01 13:04:33,427 - game_state - INFO - [CARD DEBUG] Contour aspect ratio: 0.9846153846153847
2025-05-01 13:04:33,429 - game_state - INFO - [CARD DEBUG] Saved card corner image to C:\GitRepositories\poker\debug\card_corner_1746097473.png
2025-05-01 13:04:33,433 - game_state - INFO - [CARD DEBUG] Red pixels: 383, Black pixels: 1
2025-05-01 13:04:33,641 - game_state - INFO - [CARD DEBUG] Raw OCR text: ''
2025-05-01 13:04:33,642 - game_state - INFO - [CARD DEBUG] Heart score: 15, Diamond score: 15
2025-05-01 13:04:33,643 - game_state - INFO - [CARD DEBUG] Successfully identified card: Kd, is_red=True
2025-05-01 13:04:33,644 - game_state - INFO - [CARD DEBUG] Detected player card: Kd
2025-05-01 13:04:33,644 - game_state - INFO - [CARD DEBUG] Contour area: 14879.0, min: 2457.6, max: 24576.0
2025-05-01 13:04:33,645 - game_state - INFO - [CARD DEBUG] Contour aspect ratio: 0.9922480620155039
2025-05-01 13:04:33,646 - game_state - INFO - [CARD DEBUG] Saved card corner image to C:\GitRepositories\poker\debug\card_corner_1746097473.png
2025-05-01 13:04:33,648 - game_state - INFO - [CARD DEBUG] Red pixels: 326, Black pixels: 0
2025-05-01 13:04:33,859 - game_state - INFO - [CARD DEBUG] Raw OCR text: 'A'
2025-05-01 13:04:33,860 - game_state - INFO - [CARD DEBUG] Heart score: 10, Diamond score: 5
2025-05-01 13:04:33,860 - game_state - INFO - [CARD DEBUG] Successfully identified card: Ah, is_red=True
2025-05-01 13:04:33,861 - game_state - INFO - [CARD DEBUG] Detected player card: Ah
2025-05-01 13:04:33,861 - game_state - INFO - [CARD DEBUG] Total card-like contours found: 2
2025-05-01 13:04:34,108 - game_state - INFO - [CARD DEBUG] Saved debug image to C:\GitRepositories\poker\debug\player_cards_debug_1746097473.png
2025-05-01 13:04:34,111 - game_state - INFO - [CARD DEBUG] Saved card mask to C:\GitRepositories\poker\debug\player_cards_mask_1746097474.png
2025-05-01 13:04:34,852 - game_state - INFO - Saved dealer button debug image to C:\GitRepositories\poker\debug\dealer_button_1746097474.png
2025-05-01 13:04:34,853 - game_state - INFO - Detected position: early (dealer on right)
2025-05-01 13:04:34,875 - game_state - INFO - Saved turn detection debug image to C:\GitRepositories\poker\debug\turn_detection_1746097474.png
2025-05-01 13:04:34,897 - game_state - INFO - Saved turn detection debug image to C:\GitRepositories\poker\debug\turn_detection_1746097474.png
2025-05-01 13:04:34,899 - game_state - INFO - Game state detected: 2 player cards, 0 community cards, pot: 0.0, is_our_turn: False
2025-05-01 13:04:34,899 - hand_analyzer - INFO - Hand analysis: connectors (strength: 0.39, win probability: 14.17%)
2025-05-01 13:04:34,900 - decision_maker - WARNING - Asked to make decision but it's not our turn
2025-05-01 13:04:34,900 - bet_placer - INFO - Executing action: check
2025-05-01 13:04:36,576 - bet_placer - INFO - Clicked check button at (1177.9108170210516, 1379.6662081623986)
2025-05-01 13:04:38,707 - game_state - INFO - Screenshot size: 2560x1600
2025-05-01 13:04:38,711 - game_state - INFO - Target window 'NL Hold' found and visible
2025-05-01 13:04:38,711 - game_state - INFO - Poker window detected by window title
2025-05-01 13:04:38,712 - game_state - INFO - [CARD DEBUG] Screenshot size: 2560x1600
2025-05-01 13:04:38,712 - game_state - INFO - [CARD DEBUG] Player card ROI: x=768, y=960, width=512, height=160
2025-05-01 13:04:38,715 - game_state - INFO - [CARD DEBUG] Found 5 potential card contours
2025-05-01 13:04:38,716 - game_state - INFO - [CARD DEBUG] Contour area: 1.5, min: 2457.6, max: 24576.0
2025-05-01 13:04:38,716 - game_state - INFO - [CARD DEBUG] Contour area: 0.0, min: 2457.6, max: 24576.0
2025-05-01 13:04:38,716 - game_state - INFO - [CARD DEBUG] Contour area: 4.0, min: 2457.6, max: 24576.0
2025-05-01 13:04:38,717 - game_state - INFO - [CARD DEBUG] Contour area: 2.0, min: 2457.6, max: 24576.0
2025-05-01 13:04:38,717 - game_state - INFO - [CARD DEBUG] Contour area: 0.0, min: 2457.6, max: 24576.0
2025-05-01 13:04:38,717 - game_state - INFO - [CARD DEBUG] Total card-like contours found: 0
2025-05-01 13:04:38,946 - game_state - INFO - [CARD DEBUG] Saved debug image to C:\GitRepositories\poker\debug\player_cards_debug_1746097478.png
2025-05-01 13:04:38,948 - game_state - INFO - [CARD DEBUG] Saved card mask to C:\GitRepositories\poker\debug\player_cards_mask_1746097478.png
2025-05-01 13:04:39,188 - game_state - INFO - Detected pot size: $0.16
2025-05-01 13:04:39,196 - game_state - INFO - Saved pot size debug image to C:\GitRepositories\poker\debug\pot_size_1746097479.png
2025-05-01 13:04:39,652 - game_state - INFO - Saved turn detection debug image to C:\GitRepositories\poker\debug\turn_detection_1746097479.png
2025-05-01 13:04:39,666 - game_state - INFO - Saved turn detection debug image to C:\GitRepositories\poker\debug\turn_detection_1746097479.png
2025-05-01 13:04:39,667 - game_state - INFO - Game state detected: 0 player cards, 0 community cards, pot: 0.16, is_our_turn: False
2025-05-01 13:04:39,667 - hand_analyzer - WARNING - Cannot analyze hand: No player cards detected
2025-05-01 13:04:39,668 - decision_maker - WARNING - Asked to make decision but it's not our turn
2025-05-01 13:04:39,668 - bet_placer - INFO - Executing action: check
2025-05-01 13:04:41,344 - bet_placer - INFO - Clicked check button at (1175.0780131340236, 1378.31507983147)
2025-05-01 13:04:43,484 - game_state - INFO - Screenshot size: 2560x1600
2025-05-01 13:04:43,486 - game_state - INFO - Target window 'NL Hold' found and visible
2025-05-01 13:04:43,486 - game_state - INFO - Poker window detected by window title
2025-05-01 13:04:43,487 - game_state - INFO - [CARD DEBUG] Screenshot size: 2560x1600
2025-05-01 13:04:43,487 - game_state - INFO - [CARD DEBUG] Player card ROI: x=768, y=960, width=512, height=160
2025-05-01 13:04:43,492 - game_state - INFO - [CARD DEBUG] Found 3 potential card contours
2025-05-01 13:04:43,493 - game_state - INFO - [CARD DEBUG] Contour area: 1.5, min: 2457.6, max: 24576.0
2025-05-01 13:04:43,494 - game_state - INFO - [CARD DEBUG] Contour area: 14877.0, min: 2457.6, max: 24576.0
2025-05-01 13:04:43,495 - game_state - INFO - [CARD DEBUG] Contour aspect ratio: 0.9846153846153847
2025-05-01 13:04:43,504 - game_state - INFO - [CARD DEBUG] Saved card corner image to C:\GitRepositories\poker\debug\card_corner_1746097483.png
2025-05-01 13:04:43,508 - game_state - INFO - [CARD DEBUG] Red pixels: 213, Black pixels: 1
2025-05-01 13:04:43,743 - game_state - INFO - [CARD DEBUG] Raw OCR text: '7'
2025-05-01 13:04:43,744 - game_state - INFO - [CARD DEBUG] Heart score: 15, Diamond score: 15
2025-05-01 13:04:43,744 - game_state - INFO - [CARD DEBUG] Successfully identified card: 7d, is_red=True
2025-05-01 13:04:43,745 - game_state - INFO - [CARD DEBUG] Detected player card: 7d
2025-05-01 13:04:43,745 - game_state - INFO - [CARD DEBUG] Contour area: 14991.0, min: 2457.6, max: 24576.0
2025-05-01 13:04:43,745 - game_state - INFO - [CARD DEBUG] Contour aspect ratio: 0.9922480620155039
2025-05-01 13:04:43,747 - game_state - INFO - [CARD DEBUG] Saved card corner image to C:\GitRepositories\poker\debug\card_corner_1746097483.png
2025-05-01 13:04:43,749 - game_state - INFO - [CARD DEBUG] Red pixels: 0, Black pixels: 169
2025-05-01 13:04:43,978 - game_state - INFO - [CARD DEBUG] Raw OCR text: '8'
2025-05-01 13:04:43,979 - game_state - ERROR - Error identifying card: too many indices for array: array is 2-dimensional, but 3 were indexed
Traceback (most recent call last):
  File "C:\GitRepositories\poker\src\game_state.py", line 653, in _identify_card
    club_score = self._detect_club_shape(contours, black_processed.shape)
  File "C:\GitRepositories\poker\src\game_state.py", line 925, in _detect_club_shape
    bottom_width = np.max(bottom_part[:, :, 0]) - np.min(bottom_part[:, :, 0])
                          ~~~~~~~~~~~^^^^^^^^^
IndexError: too many indices for array: array is 2-dimensional, but 3 were indexed
2025-05-01 13:04:43,981 - game_state - INFO - [CARD DEBUG] Failed to identify card rank/suit
2025-05-01 13:04:43,981 - game_state - INFO - [CARD DEBUG] Total card-like contours found: 2
2025-05-01 13:04:44,217 - game_state - INFO - [CARD DEBUG] Saved debug image to C:\GitRepositories\poker\debug\player_cards_debug_1746097483.png
2025-05-01 13:04:44,218 - game_state - INFO - [CARD DEBUG] Saved card mask to C:\GitRepositories\poker\debug\player_cards_mask_1746097484.png
2025-05-01 13:04:44,436 - game_state - INFO - Detected pot size: $0.03
2025-05-01 13:04:44,442 - game_state - INFO - Saved pot size debug image to C:\GitRepositories\poker\debug\pot_size_1746097484.png
2025-05-01 13:04:44,968 - game_state - INFO - Saved dealer button debug image to C:\GitRepositories\poker\debug\dealer_button_1746097484.png
2025-05-01 13:04:44,968 - game_state - INFO - Detected position: middle (dealer in middle)
2025-05-01 13:04:44,988 - game_state - INFO - Saved turn detection debug image to C:\GitRepositories\poker\debug\turn_detection_1746097484.png
2025-05-01 13:04:45,006 - game_state - INFO - Saved turn detection debug image to C:\GitRepositories\poker\debug\turn_detection_1746097484.png
2025-05-01 13:04:45,008 - game_state - INFO - Game state detected: 1 player cards, 0 community cards, pot: 0.03, is_our_turn: False
2025-05-01 13:04:45,009 - hand_analyzer - INFO - Hand analysis: incomplete (strength: 0.00, win probability: 0.00%)
2025-05-01 13:04:45,010 - decision_maker - WARNING - Asked to make decision but it's not our turn
2025-05-01 13:04:45,010 - bet_placer - INFO - Executing action: check
2025-05-01 13:04:45,949 - __main__ - INFO - Poker Bot stopped by user
2025-05-01 13:04:45,950 - __main__ - INFO - Poker Bot stopped
2025-05-01 13:09:18,762 - screen_capture - INFO - Screen capture initialized
2025-05-01 13:09:18,812 - game_state - INFO - Loaded client template 1 from resources
2025-05-01 13:09:18,863 - game_state - INFO - Loaded client template 2 from resources
2025-05-01 13:09:18,912 - game_state - INFO - Loaded client template 3 from resources
2025-05-01 13:09:18,961 - game_state - INFO - Loaded client template 4 from resources
2025-05-01 13:09:19,012 - game_state - INFO - Loaded client template 5 from resources
2025-05-01 13:09:19,012 - game_state - INFO - Loaded 5 client templates
2025-05-01 13:09:19,013 - game_state - INFO - Template client1 size: 1536x960
2025-05-01 13:09:19,013 - game_state - INFO - Template client2 size: 1536x960
2025-05-01 13:09:19,013 - game_state - INFO - Template client3 size: 1536x960
2025-05-01 13:09:19,014 - game_state - INFO - Template client4 size: 1536x960
2025-05-01 13:09:19,014 - game_state - INFO - Template client5 size: 1536x960
2025-05-01 13:09:19,014 - game_state - INFO - Game state detector initialized
2025-05-01 13:09:19,014 - game_state - INFO - Window title detection is enabled
2025-05-01 13:09:19,014 - hand_analyzer - INFO - Hand analyzer initialized
2025-05-01 13:09:19,015 - decision_maker - INFO - Decision maker initialized (aggression: 0.50, bluff frequency: 0.10)
2025-05-01 13:09:19,059 - bet_placer - INFO - Loaded client template 1 for button detection
2025-05-01 13:09:19,106 - bet_placer - INFO - Loaded client template 2 for button detection
2025-05-01 13:09:19,153 - bet_placer - INFO - Loaded client template 3 for button detection
2025-05-01 13:09:19,197 - bet_placer - INFO - Loaded client template 4 for button detection
2025-05-01 13:09:19,244 - bet_placer - INFO - Loaded client template 5 for button detection
2025-05-01 13:09:19,244 - bet_placer - INFO - Bet placer initialized
2025-05-01 13:09:19,244 - __main__ - INFO - Poker Bot initialized
2025-05-01 13:09:19,244 - __main__ - INFO - Starting poker bot calibration
2025-05-01 13:09:19,245 - bet_placer - INFO - Starting button calibration
2025-05-01 13:09:19,245 - bet_placer - INFO - Attempting automatic button calibration
2025-05-01 13:09:19,245 - screen_capture - INFO - Screen capture initialized
2025-05-01 13:09:20,694 - bet_placer - WARNING - Could not match any client template
2025-05-01 13:09:20,695 - bet_placer - INFO - Starting interactive button calibration
2025-05-01 13:09:28,130 - bet_placer - INFO - Set fold button at (1096, 1392)
2025-05-01 13:09:28,541 - bet_placer - INFO - Set check and call button at (1096, 1392)
2025-05-01 13:09:28,861 - bet_placer - INFO - Set bet and raise button at (1096, 1392)
2025-05-01 13:09:29,240 - bet_placer - INFO - Set bet_input button at (1096, 1392)
2025-05-01 13:09:29,597 - bet_placer - INFO - Set confirm button at (1096, 1390)
2025-05-01 13:09:29,599 - __main__ - INFO - Poker Bot started
2025-05-01 13:09:29,751 - game_state - INFO - Screenshot size: 2560x1600
2025-05-01 13:09:29,755 - game_state - INFO - Target window 'NL Hold' found and visible
2025-05-01 13:09:29,756 - game_state - INFO - Poker window detected by window title
2025-05-01 13:09:29,756 - game_state - INFO - [CARD DEBUG] Screenshot size: 2560x1600
2025-05-01 13:09:29,756 - game_state - INFO - [CARD DEBUG] Player card ROI: x=768, y=960, width=512, height=160
2025-05-01 13:09:29,762 - game_state - INFO - [CARD DEBUG] Found 3 potential card contours
2025-05-01 13:09:29,763 - game_state - INFO - [CARD DEBUG] Contour area: 1.5, min: 2457.6, max: 24576.0
2025-05-01 13:09:29,763 - game_state - INFO - [CARD DEBUG] Contour area: 14927.0, min: 2457.6, max: 24576.0
2025-05-01 13:09:29,764 - game_state - INFO - [CARD DEBUG] Contour aspect ratio: 0.9846153846153847
2025-05-01 13:09:29,768 - game_state - INFO - [CARD DEBUG] Saved card corner image to C:\GitRepositories\poker\debug\card_corner_1746097769.png
2025-05-01 13:09:30,025 - game_state - INFO - [CARD DEBUG] Red pixels: 0, Black pixels: 89
2025-05-01 13:09:30,281 - game_state - INFO - [CARD DEBUG] Raw OCR text: 'J'
2025-05-01 13:09:30,283 - game_state - INFO - [CARD DEBUG] Spade score: 5, Club score: 5
2025-05-01 13:09:30,284 - game_state - INFO - [CARD DEBUG] Successfully identified card: Jc, is_red=False
2025-05-01 13:09:30,285 - game_state - INFO - [CARD DEBUG] Detected player card: Jc
2025-05-01 13:09:30,286 - game_state - INFO - [CARD DEBUG] Contour area: 14990.5, min: 2457.6, max: 24576.0
2025-05-01 13:09:30,286 - game_state - INFO - [CARD DEBUG] Contour aspect ratio: 0.9922480620155039
2025-05-01 13:09:30,290 - game_state - INFO - [CARD DEBUG] Saved card corner image to C:\GitRepositories\poker\debug\card_corner_1746097770.png
2025-05-01 13:09:30,293 - game_state - INFO - [CARD DEBUG] Red pixels: 0, Black pixels: 164
2025-05-01 13:09:30,515 - game_state - INFO - [CARD DEBUG] Raw OCR text: '6'
2025-05-01 13:09:30,518 - game_state - INFO - [CARD DEBUG] Spade score: 0, Club score: 0
2025-05-01 13:09:30,518 - game_state - INFO - [CARD DEBUG] Successfully identified card: 6c, is_red=False
2025-05-01 13:09:30,519 - game_state - INFO - [CARD DEBUG] Detected player card: 6c
2025-05-01 13:09:30,520 - game_state - INFO - [CARD DEBUG] Total card-like contours found: 2
2025-05-01 13:09:30,712 - game_state - INFO - [CARD DEBUG] Saved debug image to C:\GitRepositories\poker\debug\player_cards_debug_1746097770.png
2025-05-01 13:09:30,714 - game_state - INFO - [CARD DEBUG] Saved card mask to C:\GitRepositories\poker\debug\player_cards_mask_1746097770.png
2025-05-01 13:09:30,995 - game_state - INFO - Detected pot size: $0.06
2025-05-01 13:09:31,000 - game_state - INFO - Saved pot size debug image to C:\GitRepositories\poker\debug\pot_size_1746097770.png
2025-05-01 13:09:31,447 - game_state - INFO - Saved dealer button debug image to C:\GitRepositories\poker\debug\dealer_button_1746097771.png
2025-05-01 13:09:31,447 - game_state - INFO - Detected position: early (dealer on right)
2025-05-01 13:09:31,465 - game_state - INFO - Saved turn detection debug image to C:\GitRepositories\poker\debug\turn_detection_1746097771.png
2025-05-01 13:09:31,482 - game_state - INFO - Saved turn detection debug image to C:\GitRepositories\poker\debug\turn_detection_1746097771.png
2025-05-01 13:09:31,486 - game_state - INFO - Game state detected: 2 player cards, 0 community cards, pot: 0.06, is_our_turn: False
2025-05-01 13:09:31,486 - hand_analyzer - INFO - Hand analysis: suited (strength: 0.29, win probability: 4.33%)
2025-05-01 13:09:31,487 - decision_maker - WARNING - Asked to make decision but it's not our turn
2025-05-01 13:09:31,487 - bet_placer - INFO - Executing action: check
2025-05-01 13:09:33,175 - bet_placer - INFO - Clicked check button at (1100.2782309882673, 1390.629664054044)
2025-05-01 13:09:35,308 - game_state - INFO - Screenshot size: 2560x1600
2025-05-01 13:09:35,309 - game_state - INFO - Target window 'NL Hold' found and visible
2025-05-01 13:09:35,310 - game_state - INFO - Poker window detected by window title
2025-05-01 13:09:35,310 - game_state - INFO - [CARD DEBUG] Screenshot size: 2560x1600
2025-05-01 13:09:35,310 - game_state - INFO - [CARD DEBUG] Player card ROI: x=768, y=960, width=512, height=160
2025-05-01 13:09:35,314 - game_state - INFO - [CARD DEBUG] Found 3 potential card contours
2025-05-01 13:09:35,314 - game_state - INFO - [CARD DEBUG] Contour area: 1.5, min: 2457.6, max: 24576.0
2025-05-01 13:09:35,315 - game_state - INFO - [CARD DEBUG] Contour area: 14923.0, min: 2457.6, max: 24576.0
2025-05-01 13:09:35,315 - game_state - INFO - [CARD DEBUG] Contour aspect ratio: 0.9846153846153847
2025-05-01 13:09:35,319 - game_state - INFO - [CARD DEBUG] Saved card corner image to C:\GitRepositories\poker\debug\card_corner_1746097775.png
2025-05-01 13:09:35,324 - game_state - INFO - [CARD DEBUG] Red pixels: 0, Black pixels: 89
2025-05-01 13:09:35,538 - game_state - INFO - [CARD DEBUG] Raw OCR text: 'J'
2025-05-01 13:09:35,538 - game_state - INFO - [CARD DEBUG] Spade score: 5, Club score: 5
2025-05-01 13:09:35,539 - game_state - INFO - [CARD DEBUG] Successfully identified card: Jc, is_red=False
2025-05-01 13:09:35,539 - game_state - INFO - [CARD DEBUG] Detected player card: Jc
2025-05-01 13:09:35,539 - game_state - INFO - [CARD DEBUG] Contour area: 14990.5, min: 2457.6, max: 24576.0
2025-05-01 13:09:35,539 - game_state - INFO - [CARD DEBUG] Contour aspect ratio: 0.9922480620155039
2025-05-01 13:09:35,541 - game_state - INFO - [CARD DEBUG] Saved card corner image to C:\GitRepositories\poker\debug\card_corner_1746097775.png
2025-05-01 13:09:35,542 - game_state - INFO - [CARD DEBUG] Red pixels: 0, Black pixels: 164
2025-05-01 13:09:35,742 - game_state - INFO - [CARD DEBUG] Raw OCR text: '6'
2025-05-01 13:09:35,743 - game_state - INFO - [CARD DEBUG] Spade score: 0, Club score: 0
2025-05-01 13:09:35,743 - game_state - INFO - [CARD DEBUG] Successfully identified card: 6c, is_red=False
2025-05-01 13:09:35,744 - game_state - INFO - [CARD DEBUG] Detected player card: 6c
2025-05-01 13:09:35,744 - game_state - INFO - [CARD DEBUG] Total card-like contours found: 2
2025-05-01 13:09:35,926 - game_state - INFO - [CARD DEBUG] Saved debug image to C:\GitRepositories\poker\debug\player_cards_debug_1746097775.png
2025-05-01 13:09:35,935 - game_state - INFO - [CARD DEBUG] Saved card mask to C:\GitRepositories\poker\debug\player_cards_mask_1746097775.png
2025-05-01 13:09:36,161 - game_state - INFO - Detected pot size: $0.06
2025-05-01 13:09:36,165 - game_state - INFO - Saved pot size debug image to C:\GitRepositories\poker\debug\pot_size_1746097776.png
2025-05-01 13:09:36,620 - game_state - INFO - Saved dealer button debug image to C:\GitRepositories\poker\debug\dealer_button_1746097776.png
2025-05-01 13:09:36,620 - game_state - INFO - Detected position: early (dealer on right)
2025-05-01 13:09:36,629 - game_state - INFO - Saved turn detection debug image to C:\GitRepositories\poker\debug\turn_detection_1746097776.png
2025-05-01 13:09:36,638 - game_state - INFO - Saved turn detection debug image to C:\GitRepositories\poker\debug\turn_detection_1746097776.png
2025-05-01 13:09:36,639 - game_state - INFO - Game state detected: 2 player cards, 0 community cards, pot: 0.06, is_our_turn: False
2025-05-01 13:09:36,639 - hand_analyzer - INFO - Hand analysis: suited (strength: 0.29, win probability: 4.33%)
2025-05-01 13:09:36,639 - decision_maker - WARNING - Asked to make decision but it's not our turn
2025-05-01 13:09:36,640 - bet_placer - INFO - Executing action: check
2025-05-01 13:09:38,320 - bet_placer - INFO - Clicked check button at (1099.9969874238805, 1393.973201337329)
2025-05-01 13:09:40,467 - game_state - INFO - Screenshot size: 2560x1600
2025-05-01 13:09:40,471 - game_state - INFO - Target window 'NL Hold' found and visible
2025-05-01 13:09:40,472 - game_state - INFO - Poker window detected by window title
2025-05-01 13:09:40,472 - game_state - INFO - [CARD DEBUG] Screenshot size: 2560x1600
2025-05-01 13:09:40,472 - game_state - INFO - [CARD DEBUG] Player card ROI: x=768, y=960, width=512, height=160
2025-05-01 13:09:40,478 - game_state - INFO - [CARD DEBUG] Found 3 potential card contours
2025-05-01 13:09:40,478 - game_state - INFO - [CARD DEBUG] Contour area: 1.5, min: 2457.6, max: 24576.0
2025-05-01 13:09:40,479 - game_state - INFO - [CARD DEBUG] Contour area: 14923.0, min: 2457.6, max: 24576.0
2025-05-01 13:09:40,479 - game_state - INFO - [CARD DEBUG] Contour aspect ratio: 0.9846153846153847
2025-05-01 13:09:40,482 - game_state - INFO - [CARD DEBUG] Saved card corner image to C:\GitRepositories\poker\debug\card_corner_1746097780.png
2025-05-01 13:09:40,490 - game_state - INFO - [CARD DEBUG] Red pixels: 0, Black pixels: 89
2025-05-01 13:09:40,707 - game_state - INFO - [CARD DEBUG] Raw OCR text: 'J'
2025-05-01 13:09:40,708 - game_state - INFO - [CARD DEBUG] Spade score: 5, Club score: 5
2025-05-01 13:09:40,708 - game_state - INFO - [CARD DEBUG] Successfully identified card: Jc, is_red=False
2025-05-01 13:09:40,709 - game_state - INFO - [CARD DEBUG] Detected player card: Jc
2025-05-01 13:09:40,709 - game_state - INFO - [CARD DEBUG] Contour area: 14990.5, min: 2457.6, max: 24576.0
2025-05-01 13:09:40,709 - game_state - INFO - [CARD DEBUG] Contour aspect ratio: 0.9922480620155039
2025-05-01 13:09:40,711 - game_state - INFO - [CARD DEBUG] Saved card corner image to C:\GitRepositories\poker\debug\card_corner_1746097780.png
2025-05-01 13:09:40,713 - game_state - INFO - [CARD DEBUG] Red pixels: 0, Black pixels: 164
2025-05-01 13:09:40,927 - game_state - INFO - [CARD DEBUG] Raw OCR text: '6'
2025-05-01 13:09:40,928 - game_state - INFO - [CARD DEBUG] Spade score: 0, Club score: 0
2025-05-01 13:09:40,928 - game_state - INFO - [CARD DEBUG] Successfully identified card: 6c, is_red=False
2025-05-01 13:09:40,929 - game_state - INFO - [CARD DEBUG] Detected player card: 6c
2025-05-01 13:09:40,929 - game_state - INFO - [CARD DEBUG] Total card-like contours found: 2
2025-05-01 13:09:41,145 - game_state - INFO - [CARD DEBUG] Saved debug image to C:\GitRepositories\poker\debug\player_cards_debug_1746097780.png
2025-05-01 13:09:41,147 - game_state - INFO - [CARD DEBUG] Saved card mask to C:\GitRepositories\poker\debug\player_cards_mask_1746097781.png
2025-05-01 13:09:41,379 - game_state - INFO - Detected pot size: $0.06
2025-05-01 13:09:41,384 - game_state - INFO - Saved pot size debug image to C:\GitRepositories\poker\debug\pot_size_1746097781.png
2025-05-01 13:09:41,903 - game_state - INFO - Saved dealer button debug image to C:\GitRepositories\poker\debug\dealer_button_1746097781.png
2025-05-01 13:09:41,903 - game_state - INFO - Detected position: early (dealer on right)
2025-05-01 13:09:41,920 - game_state - INFO - Saved turn detection debug image to C:\GitRepositories\poker\debug\turn_detection_1746097781.png
2025-05-01 13:09:41,932 - game_state - INFO - Saved turn detection debug image to C:\GitRepositories\poker\debug\turn_detection_1746097781.png
2025-05-01 13:09:41,933 - game_state - INFO - Game state detected: 2 player cards, 0 community cards, pot: 0.06, is_our_turn: False
2025-05-01 13:09:41,935 - hand_analyzer - INFO - Hand analysis: suited (strength: 0.29, win probability: 4.33%)
2025-05-01 13:09:41,935 - decision_maker - WARNING - Asked to make decision but it's not our turn
2025-05-01 13:09:41,936 - bet_placer - INFO - Executing action: check
2025-05-01 13:09:43,621 - bet_placer - INFO - Clicked check button at (1094.1374470001895, 1391.4099471055927)
2025-05-01 13:09:45,732 - game_state - INFO - Screenshot size: 2560x1600
2025-05-01 13:09:45,735 - game_state - INFO - Target window 'NL Hold' found and visible
2025-05-01 13:09:45,736 - game_state - INFO - Poker window detected by window title
2025-05-01 13:09:45,736 - game_state - INFO - [CARD DEBUG] Screenshot size: 2560x1600
2025-05-01 13:09:45,736 - game_state - INFO - [CARD DEBUG] Player card ROI: x=768, y=960, width=512, height=160
2025-05-01 13:09:45,740 - game_state - INFO - [CARD DEBUG] Found 3 potential card contours
2025-05-01 13:09:45,740 - game_state - INFO - [CARD DEBUG] Contour area: 1.5, min: 2457.6, max: 24576.0
2025-05-01 13:09:45,741 - game_state - INFO - [CARD DEBUG] Contour area: 14923.0, min: 2457.6, max: 24576.0
2025-05-01 13:09:45,741 - game_state - INFO - [CARD DEBUG] Contour aspect ratio: 0.9846153846153847
2025-05-01 13:09:45,743 - game_state - INFO - [CARD DEBUG] Saved card corner image to C:\GitRepositories\poker\debug\card_corner_1746097785.png
2025-05-01 13:09:45,746 - game_state - INFO - [CARD DEBUG] Red pixels: 0, Black pixels: 89
2025-05-01 13:09:45,966 - game_state - INFO - [CARD DEBUG] Raw OCR text: 'J'
2025-05-01 13:09:45,968 - game_state - INFO - [CARD DEBUG] Spade score: 5, Club score: 5
2025-05-01 13:09:45,969 - game_state - INFO - [CARD DEBUG] Successfully identified card: Jc, is_red=False
2025-05-01 13:09:45,969 - game_state - INFO - [CARD DEBUG] Detected player card: Jc
2025-05-01 13:09:45,970 - game_state - INFO - [CARD DEBUG] Contour area: 14990.5, min: 2457.6, max: 24576.0
2025-05-01 13:09:45,970 - game_state - INFO - [CARD DEBUG] Contour aspect ratio: 0.9922480620155039
2025-05-01 13:09:45,972 - game_state - INFO - [CARD DEBUG] Saved card corner image to C:\GitRepositories\poker\debug\card_corner_1746097785.png
2025-05-01 13:09:45,974 - game_state - INFO - [CARD DEBUG] Red pixels: 0, Black pixels: 164
2025-05-01 13:09:46,188 - game_state - INFO - [CARD DEBUG] Raw OCR text: '6'
2025-05-01 13:09:46,189 - game_state - INFO - [CARD DEBUG] Spade score: 0, Club score: 0
2025-05-01 13:09:46,189 - game_state - INFO - [CARD DEBUG] Successfully identified card: 6c, is_red=False
2025-05-01 13:09:46,190 - game_state - INFO - [CARD DEBUG] Detected player card: 6c
2025-05-01 13:09:46,190 - game_state - INFO - [CARD DEBUG] Total card-like contours found: 2
2025-05-01 13:09:46,424 - game_state - INFO - [CARD DEBUG] Saved debug image to C:\GitRepositories\poker\debug\player_cards_debug_1746097786.png
2025-05-01 13:09:46,426 - game_state - INFO - [CARD DEBUG] Saved card mask to C:\GitRepositories\poker\debug\player_cards_mask_1746097786.png
2025-05-01 13:09:46,676 - game_state - INFO - Detected pot size: $0.06
2025-05-01 13:09:46,681 - game_state - INFO - Saved pot size debug image to C:\GitRepositories\poker\debug\pot_size_1746097786.png
2025-05-01 13:09:47,247 - game_state - INFO - Saved dealer button debug image to C:\GitRepositories\poker\debug\dealer_button_1746097787.png
2025-05-01 13:09:47,248 - game_state - INFO - Detected position: early (dealer on right)
2025-05-01 13:09:47,270 - game_state - INFO - Saved turn detection debug image to C:\GitRepositories\poker\debug\turn_detection_1746097787.png
2025-05-01 13:09:47,292 - game_state - INFO - Saved turn detection debug image to C:\GitRepositories\poker\debug\turn_detection_1746097787.png
2025-05-01 13:09:47,293 - game_state - INFO - Game state detected: 2 player cards, 0 community cards, pot: 0.06, is_our_turn: False
2025-05-01 13:09:47,294 - hand_analyzer - INFO - Hand analysis: suited (strength: 0.29, win probability: 4.33%)
2025-05-01 13:09:47,294 - decision_maker - WARNING - Asked to make decision but it's not our turn
2025-05-01 13:09:47,294 - bet_placer - INFO - Executing action: check
2025-05-01 13:09:48,972 - bet_placer - INFO - Clicked check button at (1093.2310889694456, 1389.301082020155)
2025-05-01 13:09:51,103 - game_state - INFO - Screenshot size: 2560x1600
2025-05-01 13:09:51,106 - game_state - INFO - Target window 'NL Hold' found and visible
2025-05-01 13:09:51,106 - game_state - INFO - Poker window detected by window title
2025-05-01 13:09:51,107 - game_state - INFO - [CARD DEBUG] Screenshot size: 2560x1600
2025-05-01 13:09:51,107 - game_state - INFO - [CARD DEBUG] Player card ROI: x=768, y=960, width=512, height=160
2025-05-01 13:09:51,111 - game_state - INFO - [CARD DEBUG] Found 3 potential card contours
2025-05-01 13:09:51,111 - game_state - INFO - [CARD DEBUG] Contour area: 1.5, min: 2457.6, max: 24576.0
2025-05-01 13:09:51,111 - game_state - INFO - [CARD DEBUG] Contour area: 14923.0, min: 2457.6, max: 24576.0
2025-05-01 13:09:51,112 - game_state - INFO - [CARD DEBUG] Contour aspect ratio: 0.9846153846153847
2025-05-01 13:09:51,115 - game_state - INFO - [CARD DEBUG] Saved card corner image to C:\GitRepositories\poker\debug\card_corner_1746097791.png
2025-05-01 13:09:51,119 - game_state - INFO - [CARD DEBUG] Red pixels: 0, Black pixels: 89
2025-05-01 13:09:51,333 - game_state - INFO - [CARD DEBUG] Raw OCR text: 'J'
2025-05-01 13:09:51,333 - game_state - INFO - [CARD DEBUG] Spade score: 5, Club score: 5
2025-05-01 13:09:51,334 - game_state - INFO - [CARD DEBUG] Successfully identified card: Jc, is_red=False
2025-05-01 13:09:51,335 - game_state - INFO - [CARD DEBUG] Detected player card: Jc
2025-05-01 13:09:51,335 - game_state - INFO - [CARD DEBUG] Contour area: 14990.5, min: 2457.6, max: 24576.0
2025-05-01 13:09:51,336 - game_state - INFO - [CARD DEBUG] Contour aspect ratio: 0.9922480620155039
2025-05-01 13:09:51,338 - game_state - INFO - [CARD DEBUG] Saved card corner image to C:\GitRepositories\poker\debug\card_corner_1746097791.png
2025-05-01 13:09:51,339 - game_state - INFO - [CARD DEBUG] Red pixels: 0, Black pixels: 164
2025-05-01 13:09:51,555 - game_state - INFO - [CARD DEBUG] Raw OCR text: '6'
2025-05-01 13:09:51,555 - game_state - INFO - [CARD DEBUG] Spade score: 0, Club score: 0
2025-05-01 13:09:51,556 - game_state - INFO - [CARD DEBUG] Successfully identified card: 6c, is_red=False
2025-05-01 13:09:51,556 - game_state - INFO - [CARD DEBUG] Detected player card: 6c
2025-05-01 13:09:51,557 - game_state - INFO - [CARD DEBUG] Total card-like contours found: 2
2025-05-01 13:09:51,770 - game_state - INFO - [CARD DEBUG] Saved debug image to C:\GitRepositories\poker\debug\player_cards_debug_1746097791.png
2025-05-01 13:09:51,772 - game_state - INFO - [CARD DEBUG] Saved card mask to C:\GitRepositories\poker\debug\player_cards_mask_1746097791.png
2025-05-01 13:09:52,008 - game_state - INFO - Detected pot size: $0.10
2025-05-01 13:09:52,013 - game_state - INFO - Saved pot size debug image to C:\GitRepositories\poker\debug\pot_size_1746097792.png
2025-05-01 13:09:52,523 - game_state - INFO - Saved dealer button debug image to C:\GitRepositories\poker\debug\dealer_button_1746097792.png
2025-05-01 13:09:52,524 - game_state - INFO - Detected position: early (dealer on right)
2025-05-01 13:09:52,540 - game_state - INFO - Saved turn detection debug image to C:\GitRepositories\poker\debug\turn_detection_1746097792.png
2025-05-01 13:09:52,556 - game_state - INFO - Saved turn detection debug image to C:\GitRepositories\poker\debug\turn_detection_1746097792.png
2025-05-01 13:09:52,557 - game_state - INFO - Game state detected: 2 player cards, 0 community cards, pot: 0.1, is_our_turn: False
2025-05-01 13:09:52,557 - hand_analyzer - INFO - Hand analysis: suited (strength: 0.29, win probability: 4.33%)
2025-05-01 13:09:52,558 - decision_maker - WARNING - Asked to make decision but it's not our turn
2025-05-01 13:09:52,558 - bet_placer - INFO - Executing action: check
2025-05-01 13:09:54,237 - bet_placer - INFO - Clicked check button at (1091.2535749674648, 1391.85243179215)
2025-05-01 13:09:56,375 - game_state - INFO - Screenshot size: 2560x1600
2025-05-01 13:09:56,377 - game_state - INFO - Target window 'NL Hold' found and visible
2025-05-01 13:09:56,378 - game_state - INFO - Poker window detected by window title
2025-05-01 13:09:56,378 - game_state - INFO - [CARD DEBUG] Screenshot size: 2560x1600
2025-05-01 13:09:56,379 - game_state - INFO - [CARD DEBUG] Player card ROI: x=768, y=960, width=512, height=160
2025-05-01 13:09:56,382 - game_state - INFO - [CARD DEBUG] Found 3 potential card contours
2025-05-01 13:09:56,382 - game_state - INFO - [CARD DEBUG] Contour area: 1.5, min: 2457.6, max: 24576.0
2025-05-01 13:09:56,382 - game_state - INFO - [CARD DEBUG] Contour area: 14923.0, min: 2457.6, max: 24576.0
2025-05-01 13:09:56,383 - game_state - INFO - [CARD DEBUG] Contour aspect ratio: 0.9846153846153847
2025-05-01 13:09:56,387 - game_state - INFO - [CARD DEBUG] Saved card corner image to C:\GitRepositories\poker\debug\card_corner_1746097796.png
2025-05-01 13:09:56,391 - game_state - INFO - [CARD DEBUG] Red pixels: 0, Black pixels: 89
2025-05-01 13:09:56,612 - game_state - INFO - [CARD DEBUG] Raw OCR text: 'J'
2025-05-01 13:09:56,613 - game_state - INFO - [CARD DEBUG] Spade score: 5, Club score: 5
2025-05-01 13:09:56,613 - game_state - INFO - [CARD DEBUG] Successfully identified card: Jc, is_red=False
2025-05-01 13:09:56,613 - game_state - INFO - [CARD DEBUG] Detected player card: Jc
2025-05-01 13:09:56,614 - game_state - INFO - [CARD DEBUG] Contour area: 14990.5, min: 2457.6, max: 24576.0
2025-05-01 13:09:56,614 - game_state - INFO - [CARD DEBUG] Contour aspect ratio: 0.9922480620155039
2025-05-01 13:09:56,616 - game_state - INFO - [CARD DEBUG] Saved card corner image to C:\GitRepositories\poker\debug\card_corner_1746097796.png
2025-05-01 13:09:56,619 - game_state - INFO - [CARD DEBUG] Red pixels: 0, Black pixels: 164
2025-05-01 13:09:56,827 - game_state - INFO - [CARD DEBUG] Raw OCR text: '6'
2025-05-01 13:09:56,828 - game_state - INFO - [CARD DEBUG] Spade score: 0, Club score: 0
2025-05-01 13:09:56,829 - game_state - INFO - [CARD DEBUG] Successfully identified card: 6c, is_red=False
2025-05-01 13:09:56,829 - game_state - INFO - [CARD DEBUG] Detected player card: 6c
2025-05-01 13:09:56,830 - game_state - INFO - [CARD DEBUG] Total card-like contours found: 2
2025-05-01 13:09:57,037 - game_state - INFO - [CARD DEBUG] Saved debug image to C:\GitRepositories\poker\debug\player_cards_debug_1746097796.png
2025-05-01 13:09:57,040 - game_state - INFO - [CARD DEBUG] Saved card mask to C:\GitRepositories\poker\debug\player_cards_mask_1746097797.png
2025-05-01 13:09:57,256 - game_state - INFO - Detected pot size: $0.10
2025-05-01 13:09:57,262 - game_state - INFO - Saved pot size debug image to C:\GitRepositories\poker\debug\pot_size_1746097797.png
2025-05-01 13:09:57,792 - game_state - INFO - Saved dealer button debug image to C:\GitRepositories\poker\debug\dealer_button_1746097797.png
2025-05-01 13:09:57,793 - game_state - INFO - Detected position: early (dealer on right)
2025-05-01 13:09:57,810 - game_state - INFO - Saved turn detection debug image to C:\GitRepositories\poker\debug\turn_detection_1746097797.png
2025-05-01 13:09:57,828 - game_state - INFO - Saved turn detection debug image to C:\GitRepositories\poker\debug\turn_detection_1746097797.png
2025-05-01 13:09:57,830 - game_state - INFO - Game state detected: 2 player cards, 0 community cards, pot: 0.1, is_our_turn: False
2025-05-01 13:09:57,830 - hand_analyzer - INFO - Hand analysis: suited (strength: 0.29, win probability: 4.33%)
2025-05-01 13:09:57,830 - decision_maker - WARNING - Asked to make decision but it's not our turn
2025-05-01 13:09:57,831 - bet_placer - INFO - Executing action: check
2025-05-01 13:09:59,504 - bet_placer - INFO - Clicked check button at (1099.0902548517336, 1394.9270024032126)
2025-05-01 13:10:01,638 - game_state - INFO - Screenshot size: 2560x1600
2025-05-01 13:10:01,641 - game_state - INFO - Target window 'NL Hold' found and visible
2025-05-01 13:10:01,642 - game_state - INFO - Poker window detected by window title
2025-05-01 13:10:01,642 - game_state - INFO - [CARD DEBUG] Screenshot size: 2560x1600
2025-05-01 13:10:01,642 - game_state - INFO - [CARD DEBUG] Player card ROI: x=768, y=960, width=512, height=160
2025-05-01 13:10:01,647 - game_state - INFO - [CARD DEBUG] Found 3 potential card contours
2025-05-01 13:10:01,648 - game_state - INFO - [CARD DEBUG] Contour area: 1.5, min: 2457.6, max: 24576.0
2025-05-01 13:10:01,649 - game_state - INFO - [CARD DEBUG] Contour area: 14923.0, min: 2457.6, max: 24576.0
2025-05-01 13:10:01,649 - game_state - INFO - [CARD DEBUG] Contour aspect ratio: 0.9846153846153847
2025-05-01 13:10:01,654 - game_state - INFO - [CARD DEBUG] Saved card corner image to C:\GitRepositories\poker\debug\card_corner_1746097801.png
2025-05-01 13:10:01,657 - game_state - INFO - [CARD DEBUG] Red pixels: 0, Black pixels: 89
2025-05-01 13:10:01,886 - game_state - INFO - [CARD DEBUG] Raw OCR text: 'J'
2025-05-01 13:10:01,887 - game_state - INFO - [CARD DEBUG] Spade score: 5, Club score: 5
2025-05-01 13:10:01,888 - game_state - INFO - [CARD DEBUG] Successfully identified card: Jc, is_red=False
2025-05-01 13:10:01,888 - game_state - INFO - [CARD DEBUG] Detected player card: Jc
2025-05-01 13:10:01,889 - game_state - INFO - [CARD DEBUG] Contour area: 14990.5, min: 2457.6, max: 24576.0
2025-05-01 13:10:01,889 - game_state - INFO - [CARD DEBUG] Contour aspect ratio: 0.9922480620155039
2025-05-01 13:10:01,891 - game_state - INFO - [CARD DEBUG] Saved card corner image to C:\GitRepositories\poker\debug\card_corner_1746097801.png
2025-05-01 13:10:01,892 - game_state - INFO - [CARD DEBUG] Red pixels: 0, Black pixels: 164
2025-05-01 13:10:02,092 - game_state - INFO - [CARD DEBUG] Raw OCR text: '6'
2025-05-01 13:10:02,093 - game_state - INFO - [CARD DEBUG] Spade score: 0, Club score: 0
2025-05-01 13:10:02,093 - game_state - INFO - [CARD DEBUG] Successfully identified card: 6c, is_red=False
2025-05-01 13:10:02,094 - game_state - INFO - [CARD DEBUG] Detected player card: 6c
2025-05-01 13:10:02,094 - game_state - INFO - [CARD DEBUG] Total card-like contours found: 2
2025-05-01 13:10:02,266 - game_state - INFO - [CARD DEBUG] Saved debug image to C:\GitRepositories\poker\debug\player_cards_debug_1746097802.png
2025-05-01 13:10:02,277 - game_state - INFO - [CARD DEBUG] Saved card mask to C:\GitRepositories\poker\debug\player_cards_mask_1746097802.png
2025-05-01 13:10:02,437 - game_state - INFO - Detected pot size: $0.14
2025-05-01 13:10:02,441 - game_state - INFO - Saved pot size debug image to C:\GitRepositories\poker\debug\pot_size_1746097802.png
2025-05-01 13:10:02,737 - game_state - INFO - Saved dealer button debug image to C:\GitRepositories\poker\debug\dealer_button_1746097802.png
2025-05-01 13:10:02,737 - game_state - INFO - Detected position: early (dealer on right)
2025-05-01 13:10:02,747 - game_state - INFO - Saved turn detection debug image to C:\GitRepositories\poker\debug\turn_detection_1746097802.png
2025-05-01 13:10:02,748 - game_state - INFO - It's our turn to act
2025-05-01 13:10:02,760 - game_state - INFO - Saved turn detection debug image to C:\GitRepositories\poker\debug\turn_detection_1746097802.png
2025-05-01 13:10:02,760 - game_state - INFO - It's our turn to act
2025-05-01 13:10:03,053 - game_state - INFO - Detected available actions: ['fold', 'check', 'call', 'bet', 'raise']
2025-05-01 13:10:03,061 - game_state - INFO - Saved available actions debug image to C:\GitRepositories\poker\debug\available_actions_1746097803.png
2025-05-01 13:10:03,062 - game_state - INFO - Game state detected: 2 player cards, 0 community cards, pot: 0.14, is_our_turn: True
2025-05-01 13:10:03,063 - hand_analyzer - INFO - Hand analysis: suited (strength: 0.29, win probability: 4.33%)
2025-05-01 13:10:03,063 - decision_maker - INFO - Making decision based on hand: suited (strength: 0.29, win prob: 4.33%)
2025-05-01 13:10:03,063 - bet_placer - INFO - Executing action: check
2025-05-01 13:10:04,739 - bet_placer - INFO - Clicked check button at (1100.5109979000042, 1394.7889343200977)
2025-05-01 13:10:06,845 - game_state - INFO - Screenshot size: 2560x1600
2025-05-01 13:10:06,847 - game_state - INFO - Target window 'NL Hold' found and visible
2025-05-01 13:10:06,847 - game_state - INFO - Poker window detected by window title
2025-05-01 13:10:06,848 - game_state - INFO - [CARD DEBUG] Screenshot size: 2560x1600
2025-05-01 13:10:06,848 - game_state - INFO - [CARD DEBUG] Player card ROI: x=768, y=960, width=512, height=160
2025-05-01 13:10:06,853 - game_state - INFO - [CARD DEBUG] Found 3 potential card contours
2025-05-01 13:10:06,853 - game_state - INFO - [CARD DEBUG] Contour area: 1.5, min: 2457.6, max: 24576.0
2025-05-01 13:10:06,854 - game_state - INFO - [CARD DEBUG] Contour area: 14923.0, min: 2457.6, max: 24576.0
2025-05-01 13:10:06,855 - game_state - INFO - [CARD DEBUG] Contour aspect ratio: 0.9846153846153847
2025-05-01 13:10:06,857 - game_state - INFO - [CARD DEBUG] Saved card corner image to C:\GitRepositories\poker\debug\card_corner_1746097806.png
2025-05-01 13:10:06,867 - game_state - INFO - [CARD DEBUG] Red pixels: 0, Black pixels: 89
2025-05-01 13:10:07,086 - game_state - INFO - [CARD DEBUG] Raw OCR text: 'J'
2025-05-01 13:10:07,087 - game_state - INFO - [CARD DEBUG] Spade score: 5, Club score: 5
2025-05-01 13:10:07,088 - game_state - INFO - [CARD DEBUG] Successfully identified card: Jc, is_red=False
2025-05-01 13:10:07,088 - game_state - INFO - [CARD DEBUG] Detected player card: Jc
2025-05-01 13:10:07,088 - game_state - INFO - [CARD DEBUG] Contour area: 14990.5, min: 2457.6, max: 24576.0
2025-05-01 13:10:07,088 - game_state - INFO - [CARD DEBUG] Contour aspect ratio: 0.9922480620155039
2025-05-01 13:10:07,090 - game_state - INFO - [CARD DEBUG] Saved card corner image to C:\GitRepositories\poker\debug\card_corner_1746097807.png
2025-05-01 13:10:07,092 - game_state - INFO - [CARD DEBUG] Red pixels: 0, Black pixels: 164
2025-05-01 13:10:07,311 - game_state - INFO - [CARD DEBUG] Raw OCR text: '6'
2025-05-01 13:10:07,312 - game_state - INFO - [CARD DEBUG] Spade score: 0, Club score: 0
2025-05-01 13:10:07,312 - game_state - INFO - [CARD DEBUG] Successfully identified card: 6c, is_red=False
2025-05-01 13:10:07,313 - game_state - INFO - [CARD DEBUG] Detected player card: 6c
2025-05-01 13:10:07,313 - game_state - INFO - [CARD DEBUG] Total card-like contours found: 2
2025-05-01 13:10:07,519 - game_state - INFO - [CARD DEBUG] Saved debug image to C:\GitRepositories\poker\debug\player_cards_debug_1746097807.png
2025-05-01 13:10:07,522 - game_state - INFO - [CARD DEBUG] Saved card mask to C:\GitRepositories\poker\debug\player_cards_mask_1746097807.png
2025-05-01 13:10:07,758 - game_state - INFO - Detected pot size: $0.14
2025-05-01 13:10:07,763 - game_state - INFO - Saved pot size debug image to C:\GitRepositories\poker\debug\pot_size_1746097807.png
2025-05-01 13:10:08,246 - game_state - INFO - Saved dealer button debug image to C:\GitRepositories\poker\debug\dealer_button_1746097808.png
2025-05-01 13:10:08,246 - game_state - INFO - Detected position: early (dealer on right)
2025-05-01 13:10:08,259 - game_state - INFO - Saved turn detection debug image to C:\GitRepositories\poker\debug\turn_detection_1746097808.png
2025-05-01 13:10:08,269 - game_state - INFO - Saved turn detection debug image to C:\GitRepositories\poker\debug\turn_detection_1746097808.png
2025-05-01 13:10:08,270 - game_state - INFO - Game state detected: 2 player cards, 0 community cards, pot: 0.14, is_our_turn: False
2025-05-01 13:10:08,270 - hand_analyzer - INFO - Hand analysis: suited (strength: 0.29, win probability: 4.33%)
2025-05-01 13:10:08,270 - decision_maker - WARNING - Asked to make decision but it's not our turn
2025-05-01 13:10:08,271 - bet_placer - INFO - Executing action: check
2025-05-01 13:10:09,954 - bet_placer - INFO - Clicked check button at (1093.9815911151313, 1391.792498735854)
2025-05-01 13:10:12,100 - game_state - INFO - Screenshot size: 2560x1600
2025-05-01 13:10:12,104 - game_state - INFO - Target window 'NL Hold' found and visible
2025-05-01 13:10:12,105 - game_state - INFO - Poker window detected by window title
2025-05-01 13:10:12,105 - game_state - INFO - [CARD DEBUG] Screenshot size: 2560x1600
2025-05-01 13:10:12,106 - game_state - INFO - [CARD DEBUG] Player card ROI: x=768, y=960, width=512, height=160
2025-05-01 13:10:12,109 - game_state - INFO - [CARD DEBUG] Found 6 potential card contours
2025-05-01 13:10:12,110 - game_state - INFO - [CARD DEBUG] Contour area: 0.0, min: 2457.6, max: 24576.0
2025-05-01 13:10:12,110 - game_state - INFO - [CARD DEBUG] Contour area: 0.0, min: 2457.6, max: 24576.0
2025-05-01 13:10:12,111 - game_state - INFO - [CARD DEBUG] Contour area: 0.0, min: 2457.6, max: 24576.0
2025-05-01 13:10:12,112 - game_state - INFO - [CARD DEBUG] Contour area: 147.0, min: 2457.6, max: 24576.0
2025-05-01 13:10:12,112 - game_state - INFO - [CARD DEBUG] Contour area: 13430.0, min: 2457.6, max: 24576.0
2025-05-01 13:10:12,113 - game_state - INFO - [CARD DEBUG] Contour aspect ratio: 1.2881355932203389
2025-05-01 13:10:12,115 - game_state - INFO - [CARD DEBUG] Saved card corner image to C:\GitRepositories\poker\debug\card_corner_1746097812.png
2025-05-01 13:10:12,120 - game_state - INFO - [CARD DEBUG] Red pixels: 0, Black pixels: 117
2025-05-01 13:10:12,339 - game_state - INFO - [CARD DEBUG] Raw OCR text: 'J'
2025-05-01 13:10:12,340 - game_state - INFO - [CARD DEBUG] Spade score: 15, Club score: 0
2025-05-01 13:10:12,340 - game_state - INFO - [CARD DEBUG] Successfully identified card: Js, is_red=False
2025-05-01 13:10:12,340 - game_state - INFO - [CARD DEBUG] Detected player card: Js
2025-05-01 13:10:12,341 - game_state - INFO - [CARD DEBUG] Contour area: 13020.0, min: 2457.6, max: 24576.0
2025-05-01 13:10:12,341 - game_state - INFO - [CARD DEBUG] Contour aspect ratio: 1.2881355932203389
2025-05-01 13:10:12,342 - game_state - INFO - [CARD DEBUG] Saved card corner image to C:\GitRepositories\poker\debug\card_corner_1746097812.png
2025-05-01 13:10:12,344 - game_state - INFO - [CARD DEBUG] Red pixels: 0, Black pixels: 207
2025-05-01 13:10:12,556 - game_state - INFO - [CARD DEBUG] Raw OCR text: '5'
2025-05-01 13:10:12,557 - game_state - INFO - [CARD DEBUG] Spade score: 0, Club score: 0
2025-05-01 13:10:12,558 - game_state - INFO - [CARD DEBUG] Successfully identified card: 5c, is_red=False
2025-05-01 13:10:12,558 - game_state - INFO - [CARD DEBUG] Detected player card: 5c
2025-05-01 13:10:12,558 - game_state - INFO - [CARD DEBUG] Total card-like contours found: 2
2025-05-01 13:10:12,774 - game_state - INFO - [CARD DEBUG] Saved debug image to C:\GitRepositories\poker\debug\player_cards_debug_1746097812.png
2025-05-01 13:10:12,776 - game_state - INFO - [CARD DEBUG] Saved card mask to C:\GitRepositories\poker\debug\player_cards_mask_1746097812.png
2025-05-01 13:10:13,012 - game_state - INFO - Detected pot size: $0.14
2025-05-01 13:10:13,017 - game_state - INFO - Saved pot size debug image to C:\GitRepositories\poker\debug\pot_size_1746097813.png
2025-05-01 13:10:13,514 - game_state - INFO - Saved turn detection debug image to C:\GitRepositories\poker\debug\turn_detection_1746097813.png
2025-05-01 13:10:13,528 - game_state - INFO - Saved turn detection debug image to C:\GitRepositories\poker\debug\turn_detection_1746097813.png
2025-05-01 13:10:13,530 - game_state - INFO - Game state detected: 2 player cards, 0 community cards, pot: 0.14, is_our_turn: False
2025-05-01 13:10:13,530 - hand_analyzer - INFO - Hand analysis: high card (strength: 0.18, win probability: 0.00%)
2025-05-01 13:10:13,530 - decision_maker - WARNING - Asked to make decision but it's not our turn
2025-05-01 13:10:13,531 - bet_placer - INFO - Executing action: check
2025-05-01 13:10:15,206 - bet_placer - INFO - Clicked check button at (1098.3523922038275, 1392.8342230998408)
2025-05-01 13:10:17,342 - game_state - INFO - Screenshot size: 2560x1600
2025-05-01 13:10:17,344 - game_state - INFO - Target window 'NL Hold' found and visible
2025-05-01 13:10:17,344 - game_state - INFO - Poker window detected by window title
2025-05-01 13:10:17,345 - game_state - INFO - [CARD DEBUG] Screenshot size: 2560x1600
2025-05-01 13:10:17,345 - game_state - INFO - [CARD DEBUG] Player card ROI: x=768, y=960, width=512, height=160
2025-05-01 13:10:17,349 - game_state - INFO - [CARD DEBUG] Found 3 potential card contours
2025-05-01 13:10:17,350 - game_state - INFO - [CARD DEBUG] Contour area: 1.5, min: 2457.6, max: 24576.0
2025-05-01 13:10:17,350 - game_state - INFO - [CARD DEBUG] Contour area: 14688.0, min: 2457.6, max: 24576.0
2025-05-01 13:10:17,352 - game_state - INFO - [CARD DEBUG] Contour aspect ratio: 0.9846153846153847
2025-05-01 13:10:17,357 - game_state - INFO - [CARD DEBUG] Saved card corner image to C:\GitRepositories\poker\debug\card_corner_1746097817.png
2025-05-01 13:10:17,363 - game_state - INFO - [CARD DEBUG] Red pixels: 362, Black pixels: 1
2025-05-01 13:10:17,595 - game_state - INFO - [CARD DEBUG] Raw OCR text: 'Q'
2025-05-01 13:10:17,596 - game_state - INFO - [CARD DEBUG] Heart score: 0, Diamond score: 0
2025-05-01 13:10:17,596 - game_state - INFO - [CARD DEBUG] Successfully identified card: Qd, is_red=True
2025-05-01 13:10:17,596 - game_state - INFO - [CARD DEBUG] Detected player card: Qd
2025-05-01 13:10:17,596 - game_state - INFO - [CARD DEBUG] Contour area: 14991.0, min: 2457.6, max: 24576.0
2025-05-01 13:10:17,597 - game_state - INFO - [CARD DEBUG] Contour aspect ratio: 0.9922480620155039
2025-05-01 13:10:17,599 - game_state - INFO - [CARD DEBUG] Saved card corner image to C:\GitRepositories\poker\debug\card_corner_1746097817.png
2025-05-01 13:10:17,600 - game_state - INFO - [CARD DEBUG] Red pixels: 0, Black pixels: 170
2025-05-01 13:10:17,826 - game_state - INFO - [CARD DEBUG] Raw OCR text: 'A'
2025-05-01 13:10:17,827 - game_state - INFO - [CARD DEBUG] Spade score: 0, Club score: 0
2025-05-01 13:10:17,827 - game_state - INFO - [CARD DEBUG] Successfully identified card: Ac, is_red=False
2025-05-01 13:10:17,827 - game_state - INFO - [CARD DEBUG] Detected player card: Ac
2025-05-01 13:10:17,828 - game_state - INFO - [CARD DEBUG] Total card-like contours found: 2
2025-05-01 13:10:18,061 - game_state - INFO - [CARD DEBUG] Saved debug image to C:\GitRepositories\poker\debug\player_cards_debug_1746097817.png
2025-05-01 13:10:18,063 - game_state - INFO - [CARD DEBUG] Saved card mask to C:\GitRepositories\poker\debug\player_cards_mask_1746097818.png
2025-05-01 13:10:18,289 - game_state - INFO - Detected pot size: $0.03
2025-05-01 13:10:18,294 - game_state - INFO - Saved pot size debug image to C:\GitRepositories\poker\debug\pot_size_1746097818.png
2025-05-01 13:10:18,782 - game_state - INFO - Saved dealer button debug image to C:\GitRepositories\poker\debug\dealer_button_1746097818.png
2025-05-01 13:10:18,783 - game_state - INFO - Detected position: middle (dealer in middle)
2025-05-01 13:10:18,801 - game_state - INFO - Saved turn detection debug image to C:\GitRepositories\poker\debug\turn_detection_1746097818.png
2025-05-01 13:10:18,818 - game_state - INFO - Saved turn detection debug image to C:\GitRepositories\poker\debug\turn_detection_1746097818.png
2025-05-01 13:10:18,820 - game_state - INFO - Game state detected: 2 player cards, 0 community cards, pot: 0.03, is_our_turn: False
2025-05-01 13:10:18,820 - hand_analyzer - INFO - Hand analysis: high card (strength: 0.36, win probability: 16.33%)
2025-05-01 13:10:18,821 - decision_maker - WARNING - Asked to make decision but it's not our turn
2025-05-01 13:10:18,821 - bet_placer - INFO - Executing action: check
2025-05-01 13:10:20,507 - bet_placer - INFO - Clicked check button at (1100.8278686496394, 1389.6903995072648)
2025-05-01 13:10:22,608 - game_state - INFO - Screenshot size: 2560x1600
2025-05-01 13:10:22,610 - game_state - INFO - Target window 'NL Hold' found and visible
2025-05-01 13:10:22,610 - game_state - INFO - Poker window detected by window title
2025-05-01 13:10:22,610 - game_state - INFO - [CARD DEBUG] Screenshot size: 2560x1600
2025-05-01 13:10:22,611 - game_state - INFO - [CARD DEBUG] Player card ROI: x=768, y=960, width=512, height=160
2025-05-01 13:10:22,614 - game_state - INFO - [CARD DEBUG] Found 3 potential card contours
2025-05-01 13:10:22,614 - game_state - INFO - [CARD DEBUG] Contour area: 1.5, min: 2457.6, max: 24576.0
2025-05-01 13:10:22,614 - game_state - INFO - [CARD DEBUG] Contour area: 14688.0, min: 2457.6, max: 24576.0
2025-05-01 13:10:22,614 - game_state - INFO - [CARD DEBUG] Contour aspect ratio: 0.9846153846153847
2025-05-01 13:10:22,617 - game_state - INFO - [CARD DEBUG] Saved card corner image to C:\GitRepositories\poker\debug\card_corner_1746097822.png
2025-05-01 13:10:22,622 - game_state - INFO - [CARD DEBUG] Red pixels: 362, Black pixels: 1
2025-05-01 13:10:22,832 - game_state - INFO - [CARD DEBUG] Raw OCR text: 'Q'
2025-05-01 13:10:22,832 - game_state - INFO - [CARD DEBUG] Heart score: 0, Diamond score: 0
2025-05-01 13:10:22,833 - game_state - INFO - [CARD DEBUG] Successfully identified card: Qd, is_red=True
2025-05-01 13:10:22,833 - game_state - INFO - [CARD DEBUG] Detected player card: Qd
2025-05-01 13:10:22,834 - game_state - INFO - [CARD DEBUG] Contour area: 14991.0, min: 2457.6, max: 24576.0
2025-05-01 13:10:22,835 - game_state - INFO - [CARD DEBUG] Contour aspect ratio: 0.9922480620155039
2025-05-01 13:10:22,839 - game_state - INFO - [CARD DEBUG] Saved card corner image to C:\GitRepositories\poker\debug\card_corner_1746097822.png
2025-05-01 13:10:22,841 - game_state - INFO - [CARD DEBUG] Red pixels: 0, Black pixels: 170
2025-05-01 13:10:23,056 - game_state - INFO - [CARD DEBUG] Raw OCR text: 'A'
2025-05-01 13:10:23,057 - game_state - INFO - [CARD DEBUG] Spade score: 0, Club score: 0
2025-05-01 13:10:23,058 - game_state - INFO - [CARD DEBUG] Successfully identified card: Ac, is_red=False
2025-05-01 13:10:23,058 - game_state - INFO - [CARD DEBUG] Detected player card: Ac
2025-05-01 13:10:23,058 - game_state - INFO - [CARD DEBUG] Total card-like contours found: 2
2025-05-01 13:10:23,248 - game_state - INFO - [CARD DEBUG] Saved debug image to C:\GitRepositories\poker\debug\player_cards_debug_1746097823.png
2025-05-01 13:10:23,250 - game_state - INFO - [CARD DEBUG] Saved card mask to C:\GitRepositories\poker\debug\player_cards_mask_1746097823.png
2025-05-01 13:10:23,464 - game_state - INFO - Detected pot size: $0.03
2025-05-01 13:10:23,471 - game_state - INFO - Saved pot size debug image to C:\GitRepositories\poker\debug\pot_size_1746097823.png
2025-05-01 13:10:23,957 - game_state - INFO - Saved dealer button debug image to C:\GitRepositories\poker\debug\dealer_button_1746097823.png
2025-05-01 13:10:23,958 - game_state - INFO - Detected position: middle (dealer in middle)
2025-05-01 13:10:23,974 - game_state - INFO - Saved turn detection debug image to C:\GitRepositories\poker\debug\turn_detection_1746097823.png
2025-05-01 13:10:23,990 - game_state - INFO - Saved turn detection debug image to C:\GitRepositories\poker\debug\turn_detection_1746097823.png
2025-05-01 13:10:23,991 - game_state - INFO - Game state detected: 2 player cards, 0 community cards, pot: 0.03, is_our_turn: False
2025-05-01 13:10:23,991 - hand_analyzer - INFO - Hand analysis: high card (strength: 0.36, win probability: 16.33%)
2025-05-01 13:10:23,992 - decision_maker - WARNING - Asked to make decision but it's not our turn
2025-05-01 13:10:23,992 - bet_placer - INFO - Executing action: check
2025-05-01 13:10:25,672 - bet_placer - INFO - Clicked check button at (1100.203931946143, 1392.040248318977)
2025-05-01 13:10:27,826 - game_state - INFO - Screenshot size: 2560x1600
2025-05-01 13:10:27,828 - game_state - INFO - Target window 'NL Hold' found and visible
2025-05-01 13:10:27,828 - game_state - INFO - Poker window detected by window title
2025-05-01 13:10:27,828 - game_state - INFO - [CARD DEBUG] Screenshot size: 2560x1600
2025-05-01 13:10:27,829 - game_state - INFO - [CARD DEBUG] Player card ROI: x=768, y=960, width=512, height=160
2025-05-01 13:10:27,832 - game_state - INFO - [CARD DEBUG] Found 3 potential card contours
2025-05-01 13:10:27,833 - game_state - INFO - [CARD DEBUG] Contour area: 1.5, min: 2457.6, max: 24576.0
2025-05-01 13:10:27,833 - game_state - INFO - [CARD DEBUG] Contour area: 14688.0, min: 2457.6, max: 24576.0
2025-05-01 13:10:27,833 - game_state - INFO - [CARD DEBUG] Contour aspect ratio: 0.9846153846153847
2025-05-01 13:10:27,837 - game_state - INFO - [CARD DEBUG] Saved card corner image to C:\GitRepositories\poker\debug\card_corner_1746097827.png
2025-05-01 13:10:27,841 - game_state - INFO - [CARD DEBUG] Red pixels: 362, Black pixels: 1
2025-05-01 13:10:28,060 - game_state - INFO - [CARD DEBUG] Raw OCR text: 'Q'
2025-05-01 13:10:28,061 - game_state - INFO - [CARD DEBUG] Heart score: 0, Diamond score: 0
2025-05-01 13:10:28,061 - game_state - INFO - [CARD DEBUG] Successfully identified card: Qd, is_red=True
2025-05-01 13:10:28,061 - game_state - INFO - [CARD DEBUG] Detected player card: Qd
2025-05-01 13:10:28,062 - game_state - INFO - [CARD DEBUG] Contour area: 14991.0, min: 2457.6, max: 24576.0
2025-05-01 13:10:28,062 - game_state - INFO - [CARD DEBUG] Contour aspect ratio: 0.9922480620155039
2025-05-01 13:10:28,063 - game_state - INFO - [CARD DEBUG] Saved card corner image to C:\GitRepositories\poker\debug\card_corner_1746097828.png
2025-05-01 13:10:28,066 - game_state - INFO - [CARD DEBUG] Red pixels: 0, Black pixels: 170
2025-05-01 13:10:28,278 - game_state - INFO - [CARD DEBUG] Raw OCR text: 'A'
2025-05-01 13:10:28,279 - game_state - INFO - [CARD DEBUG] Spade score: 0, Club score: 0
2025-05-01 13:10:28,279 - game_state - INFO - [CARD DEBUG] Successfully identified card: Ac, is_red=False
2025-05-01 13:10:28,279 - game_state - INFO - [CARD DEBUG] Detected player card: Ac
2025-05-01 13:10:28,280 - game_state - INFO - [CARD DEBUG] Total card-like contours found: 2
2025-05-01 13:10:28,516 - game_state - INFO - [CARD DEBUG] Saved debug image to C:\GitRepositories\poker\debug\player_cards_debug_1746097828.png
2025-05-01 13:10:28,520 - game_state - INFO - [CARD DEBUG] Saved card mask to C:\GitRepositories\poker\debug\player_cards_mask_1746097828.png
2025-05-01 13:10:28,729 - game_state - INFO - Detected pot size: $0.03
2025-05-01 13:10:28,734 - game_state - INFO - Saved pot size debug image to C:\GitRepositories\poker\debug\pot_size_1746097828.png
2025-05-01 13:10:29,275 - game_state - INFO - Saved dealer button debug image to C:\GitRepositories\poker\debug\dealer_button_1746097829.png
2025-05-01 13:10:29,276 - game_state - INFO - Detected position: middle (dealer in middle)
2025-05-01 13:10:29,291 - game_state - INFO - Saved turn detection debug image to C:\GitRepositories\poker\debug\turn_detection_1746097829.png
2025-05-01 13:10:29,305 - game_state - INFO - Saved turn detection debug image to C:\GitRepositories\poker\debug\turn_detection_1746097829.png
2025-05-01 13:10:29,306 - game_state - INFO - Game state detected: 2 player cards, 0 community cards, pot: 0.03, is_our_turn: False
2025-05-01 13:10:29,307 - hand_analyzer - INFO - Hand analysis: high card (strength: 0.36, win probability: 16.33%)
2025-05-01 13:10:29,307 - decision_maker - WARNING - Asked to make decision but it's not our turn
2025-05-01 13:10:29,307 - bet_placer - INFO - Executing action: check
2025-05-01 13:10:30,990 - bet_placer - INFO - Clicked check button at (1091.1094836142086, 1389.557472455473)
2025-05-01 13:10:33,128 - game_state - INFO - Screenshot size: 2560x1600
2025-05-01 13:10:33,130 - game_state - INFO - Target window 'NL Hold' found and visible
2025-05-01 13:10:33,130 - game_state - INFO - Poker window detected by window title
2025-05-01 13:10:33,130 - game_state - INFO - [CARD DEBUG] Screenshot size: 2560x1600
2025-05-01 13:10:33,131 - game_state - INFO - [CARD DEBUG] Player card ROI: x=768, y=960, width=512, height=160
2025-05-01 13:10:33,134 - game_state - INFO - [CARD DEBUG] Found 3 potential card contours
2025-05-01 13:10:33,134 - game_state - INFO - [CARD DEBUG] Contour area: 1.5, min: 2457.6, max: 24576.0
2025-05-01 13:10:33,134 - game_state - INFO - [CARD DEBUG] Contour area: 14688.0, min: 2457.6, max: 24576.0
2025-05-01 13:10:33,135 - game_state - INFO - [CARD DEBUG] Contour aspect ratio: 0.9846153846153847
2025-05-01 13:10:33,139 - game_state - INFO - [CARD DEBUG] Saved card corner image to C:\GitRepositories\poker\debug\card_corner_1746097833.png
2025-05-01 13:10:33,143 - game_state - INFO - [CARD DEBUG] Red pixels: 362, Black pixels: 1
2025-05-01 13:10:33,354 - game_state - INFO - [CARD DEBUG] Raw OCR text: 'Q'
2025-05-01 13:10:33,354 - game_state - INFO - [CARD DEBUG] Heart score: 0, Diamond score: 0
2025-05-01 13:10:33,355 - game_state - INFO - [CARD DEBUG] Successfully identified card: Qd, is_red=True
2025-05-01 13:10:33,355 - game_state - INFO - [CARD DEBUG] Detected player card: Qd
2025-05-01 13:10:33,356 - game_state - INFO - [CARD DEBUG] Contour area: 14991.0, min: 2457.6, max: 24576.0
2025-05-01 13:10:33,356 - game_state - INFO - [CARD DEBUG] Contour aspect ratio: 0.9922480620155039
2025-05-01 13:10:33,358 - game_state - INFO - [CARD DEBUG] Saved card corner image to C:\GitRepositories\poker\debug\card_corner_1746097833.png
2025-05-01 13:10:33,361 - game_state - INFO - [CARD DEBUG] Red pixels: 0, Black pixels: 170
2025-05-01 13:10:33,567 - game_state - INFO - [CARD DEBUG] Raw OCR text: 'A'
2025-05-01 13:10:33,568 - game_state - INFO - [CARD DEBUG] Spade score: 0, Club score: 0
2025-05-01 13:10:33,568 - game_state - INFO - [CARD DEBUG] Successfully identified card: Ac, is_red=False
2025-05-01 13:10:33,569 - game_state - INFO - [CARD DEBUG] Detected player card: Ac
2025-05-01 13:10:33,570 - game_state - INFO - [CARD DEBUG] Total card-like contours found: 2
2025-05-01 13:10:33,786 - game_state - INFO - [CARD DEBUG] Saved debug image to C:\GitRepositories\poker\debug\player_cards_debug_1746097833.png
2025-05-01 13:10:33,789 - game_state - INFO - [CARD DEBUG] Saved card mask to C:\GitRepositories\poker\debug\player_cards_mask_1746097833.png
2025-05-01 13:10:34,043 - game_state - INFO - Detected pot size: $0.05
2025-05-01 13:10:34,047 - game_state - INFO - Saved pot size debug image to C:\GitRepositories\poker\debug\pot_size_1746097834.png
2025-05-01 13:10:34,571 - game_state - INFO - Saved dealer button debug image to C:\GitRepositories\poker\debug\dealer_button_1746097834.png
2025-05-01 13:10:34,572 - game_state - INFO - Detected position: middle (dealer in middle)
2025-05-01 13:10:34,592 - game_state - INFO - Saved turn detection debug image to C:\GitRepositories\poker\debug\turn_detection_1746097834.png
2025-05-01 13:10:34,609 - game_state - INFO - Saved turn detection debug image to C:\GitRepositories\poker\debug\turn_detection_1746097834.png
2025-05-01 13:10:34,611 - game_state - INFO - Game state detected: 2 player cards, 0 community cards, pot: 0.05, is_our_turn: False
2025-05-01 13:10:34,612 - hand_analyzer - INFO - Hand analysis: high card (strength: 0.36, win probability: 16.33%)
2025-05-01 13:10:34,612 - decision_maker - WARNING - Asked to make decision but it's not our turn
2025-05-01 13:10:34,612 - bet_placer - INFO - Executing action: check
2025-05-01 13:10:36,298 - bet_placer - INFO - Clicked check button at (1093.7561861129884, 1394.4292061908568)
2025-05-01 13:10:38,421 - game_state - INFO - Screenshot size: 2560x1600
2025-05-01 13:10:38,424 - game_state - INFO - Target window 'NL Hold' found and visible
2025-05-01 13:10:38,424 - game_state - INFO - Poker window detected by window title
2025-05-01 13:10:38,424 - game_state - INFO - [CARD DEBUG] Screenshot size: 2560x1600
2025-05-01 13:10:38,425 - game_state - INFO - [CARD DEBUG] Player card ROI: x=768, y=960, width=512, height=160
2025-05-01 13:10:38,428 - game_state - INFO - [CARD DEBUG] Found 3 potential card contours
2025-05-01 13:10:38,428 - game_state - INFO - [CARD DEBUG] Contour area: 1.5, min: 2457.6, max: 24576.0
2025-05-01 13:10:38,429 - game_state - INFO - [CARD DEBUG] Contour area: 14688.0, min: 2457.6, max: 24576.0
2025-05-01 13:10:38,429 - game_state - INFO - [CARD DEBUG] Contour aspect ratio: 0.9846153846153847
2025-05-01 13:10:38,432 - game_state - INFO - [CARD DEBUG] Saved card corner image to C:\GitRepositories\poker\debug\card_corner_1746097838.png
2025-05-01 13:10:38,438 - game_state - INFO - [CARD DEBUG] Red pixels: 362, Black pixels: 1
2025-05-01 13:10:38,675 - game_state - INFO - [CARD DEBUG] Raw OCR text: 'Q'
2025-05-01 13:10:38,676 - game_state - INFO - [CARD DEBUG] Heart score: 0, Diamond score: 0
2025-05-01 13:10:38,676 - game_state - INFO - [CARD DEBUG] Successfully identified card: Qd, is_red=True
2025-05-01 13:10:38,677 - game_state - INFO - [CARD DEBUG] Detected player card: Qd
2025-05-01 13:10:38,677 - game_state - INFO - [CARD DEBUG] Contour area: 14991.0, min: 2457.6, max: 24576.0
2025-05-01 13:10:38,677 - game_state - INFO - [CARD DEBUG] Contour aspect ratio: 0.9922480620155039
2025-05-01 13:10:38,679 - game_state - INFO - [CARD DEBUG] Saved card corner image to C:\GitRepositories\poker\debug\card_corner_1746097838.png
2025-05-01 13:10:38,681 - game_state - INFO - [CARD DEBUG] Red pixels: 0, Black pixels: 170
2025-05-01 13:10:38,883 - game_state - INFO - [CARD DEBUG] Raw OCR text: 'A'
2025-05-01 13:10:38,884 - game_state - INFO - [CARD DEBUG] Spade score: 0, Club score: 0
2025-05-01 13:10:38,884 - game_state - INFO - [CARD DEBUG] Successfully identified card: Ac, is_red=False
2025-05-01 13:10:38,885 - game_state - INFO - [CARD DEBUG] Detected player card: Ac
2025-05-01 13:10:38,885 - game_state - INFO - [CARD DEBUG] Total card-like contours found: 2
2025-05-01 13:10:39,101 - game_state - INFO - [CARD DEBUG] Saved debug image to C:\GitRepositories\poker\debug\player_cards_debug_1746097838.png
2025-05-01 13:10:39,105 - game_state - INFO - [CARD DEBUG] Saved card mask to C:\GitRepositories\poker\debug\player_cards_mask_1746097839.png
2025-05-01 13:10:39,332 - game_state - INFO - Detected pot size: $0.12
2025-05-01 13:10:39,339 - game_state - INFO - Saved pot size debug image to C:\GitRepositories\poker\debug\pot_size_1746097839.png
2025-05-01 13:10:39,864 - game_state - INFO - Saved dealer button debug image to C:\GitRepositories\poker\debug\dealer_button_1746097839.png
2025-05-01 13:10:39,864 - game_state - INFO - Detected position: middle (dealer in middle)
2025-05-01 13:10:39,879 - game_state - INFO - Saved turn detection debug image to C:\GitRepositories\poker\debug\turn_detection_1746097839.png
2025-05-01 13:10:39,895 - game_state - INFO - Saved turn detection debug image to C:\GitRepositories\poker\debug\turn_detection_1746097839.png
2025-05-01 13:10:39,896 - game_state - INFO - Game state detected: 2 player cards, 0 community cards, pot: 0.12, is_our_turn: False
2025-05-01 13:10:39,896 - hand_analyzer - INFO - Hand analysis: high card (strength: 0.36, win probability: 16.33%)
2025-05-01 13:10:39,897 - decision_maker - WARNING - Asked to make decision but it's not our turn
2025-05-01 13:10:39,897 - bet_placer - INFO - Executing action: check
2025-05-01 13:10:41,573 - bet_placer - INFO - Clicked check button at (1099.9852072634976, 1391.1936023631017)
2025-05-01 13:10:43,707 - game_state - INFO - Screenshot size: 2560x1600
2025-05-01 13:10:43,709 - game_state - INFO - Target window 'NL Hold' found and visible
2025-05-01 13:10:43,709 - game_state - INFO - Poker window detected by window title
2025-05-01 13:10:43,709 - game_state - INFO - [CARD DEBUG] Screenshot size: 2560x1600
2025-05-01 13:10:43,710 - game_state - INFO - [CARD DEBUG] Player card ROI: x=768, y=960, width=512, height=160
2025-05-01 13:10:43,713 - game_state - INFO - [CARD DEBUG] Found 3 potential card contours
2025-05-01 13:10:43,713 - game_state - INFO - [CARD DEBUG] Contour area: 1.5, min: 2457.6, max: 24576.0
2025-05-01 13:10:43,713 - game_state - INFO - [CARD DEBUG] Contour area: 14688.0, min: 2457.6, max: 24576.0
2025-05-01 13:10:43,714 - game_state - INFO - [CARD DEBUG] Contour aspect ratio: 0.9846153846153847
2025-05-01 13:10:43,716 - game_state - INFO - [CARD DEBUG] Saved card corner image to C:\GitRepositories\poker\debug\card_corner_1746097843.png
2025-05-01 13:10:43,718 - game_state - INFO - [CARD DEBUG] Red pixels: 362, Black pixels: 1
2025-05-01 13:10:43,927 - game_state - INFO - [CARD DEBUG] Raw OCR text: 'Q'
2025-05-01 13:10:43,928 - game_state - INFO - [CARD DEBUG] Heart score: 0, Diamond score: 0
2025-05-01 13:10:43,928 - game_state - INFO - [CARD DEBUG] Successfully identified card: Qd, is_red=True
2025-05-01 13:10:43,928 - game_state - INFO - [CARD DEBUG] Detected player card: Qd
2025-05-01 13:10:43,929 - game_state - INFO - [CARD DEBUG] Contour area: 14991.0, min: 2457.6, max: 24576.0
2025-05-01 13:10:43,929 - game_state - INFO - [CARD DEBUG] Contour aspect ratio: 0.9922480620155039
2025-05-01 13:10:43,930 - game_state - INFO - [CARD DEBUG] Saved card corner image to C:\GitRepositories\poker\debug\card_corner_1746097843.png
2025-05-01 13:10:43,932 - game_state - INFO - [CARD DEBUG] Red pixels: 0, Black pixels: 170
2025-05-01 13:10:44,143 - game_state - INFO - [CARD DEBUG] Raw OCR text: 'A'
2025-05-01 13:10:44,144 - game_state - INFO - [CARD DEBUG] Spade score: 0, Club score: 0
2025-05-01 13:10:44,144 - game_state - INFO - [CARD DEBUG] Successfully identified card: Ac, is_red=False
2025-05-01 13:10:44,145 - game_state - INFO - [CARD DEBUG] Detected player card: Ac
2025-05-01 13:10:44,145 - game_state - INFO - [CARD DEBUG] Total card-like contours found: 2
2025-05-01 13:10:44,395 - game_state - INFO - [CARD DEBUG] Saved debug image to C:\GitRepositories\poker\debug\player_cards_debug_1746097844.png
2025-05-01 13:10:44,397 - game_state - INFO - [CARD DEBUG] Saved card mask to C:\GitRepositories\poker\debug\player_cards_mask_1746097844.png
2025-05-01 13:10:44,622 - game_state - INFO - Detected pot size: $0.12
2025-05-01 13:10:44,627 - game_state - INFO - Saved pot size debug image to C:\GitRepositories\poker\debug\pot_size_1746097844.png
2025-05-01 13:10:45,136 - game_state - INFO - Saved dealer button debug image to C:\GitRepositories\poker\debug\dealer_button_1746097845.png
2025-05-01 13:10:45,137 - game_state - INFO - Detected position: middle (dealer in middle)
2025-05-01 13:10:45,156 - game_state - INFO - Saved turn detection debug image to C:\GitRepositories\poker\debug\turn_detection_1746097845.png
2025-05-01 13:10:45,173 - game_state - INFO - Saved turn detection debug image to C:\GitRepositories\poker\debug\turn_detection_1746097845.png
2025-05-01 13:10:45,175 - game_state - INFO - Game state detected: 2 player cards, 0 community cards, pot: 0.12, is_our_turn: False
2025-05-01 13:10:45,175 - hand_analyzer - INFO - Hand analysis: high card (strength: 0.36, win probability: 16.33%)
2025-05-01 13:10:45,175 - decision_maker - WARNING - Asked to make decision but it's not our turn
2025-05-01 13:10:45,176 - bet_placer - INFO - Executing action: check
2025-05-01 13:10:46,856 - bet_placer - INFO - Clicked check button at (1092.0238004622433, 1394.563370484594)
2025-05-01 13:10:49,009 - game_state - INFO - Screenshot size: 2560x1600
2025-05-01 13:10:49,010 - game_state - INFO - Target window 'NL Hold' found and visible
2025-05-01 13:10:49,011 - game_state - INFO - Poker window detected by window title
2025-05-01 13:10:49,011 - game_state - INFO - [CARD DEBUG] Screenshot size: 2560x1600
2025-05-01 13:10:49,011 - game_state - INFO - [CARD DEBUG] Player card ROI: x=768, y=960, width=512, height=160
2025-05-01 13:10:49,015 - game_state - INFO - [CARD DEBUG] Found 3 potential card contours
2025-05-01 13:10:49,015 - game_state - INFO - [CARD DEBUG] Contour area: 1.5, min: 2457.6, max: 24576.0
2025-05-01 13:10:49,016 - game_state - INFO - [CARD DEBUG] Contour area: 14688.0, min: 2457.6, max: 24576.0
2025-05-01 13:10:49,016 - game_state - INFO - [CARD DEBUG] Contour aspect ratio: 0.9846153846153847
2025-05-01 13:10:49,018 - game_state - INFO - [CARD DEBUG] Saved card corner image to C:\GitRepositories\poker\debug\card_corner_1746097849.png
2025-05-01 13:10:49,025 - game_state - INFO - [CARD DEBUG] Red pixels: 362, Black pixels: 1
2025-05-01 13:10:49,257 - game_state - INFO - [CARD DEBUG] Raw OCR text: 'Q'
2025-05-01 13:10:49,258 - game_state - INFO - [CARD DEBUG] Heart score: 0, Diamond score: 0
2025-05-01 13:10:49,258 - game_state - INFO - [CARD DEBUG] Successfully identified card: Qd, is_red=True
2025-05-01 13:10:49,258 - game_state - INFO - [CARD DEBUG] Detected player card: Qd
2025-05-01 13:10:49,258 - game_state - INFO - [CARD DEBUG] Contour area: 14991.0, min: 2457.6, max: 24576.0
2025-05-01 13:10:49,258 - game_state - INFO - [CARD DEBUG] Contour aspect ratio: 0.9922480620155039
2025-05-01 13:10:49,260 - game_state - INFO - [CARD DEBUG] Saved card corner image to C:\GitRepositories\poker\debug\card_corner_1746097849.png
2025-05-01 13:10:49,262 - game_state - INFO - [CARD DEBUG] Red pixels: 0, Black pixels: 170
2025-05-01 13:10:49,470 - game_state - INFO - [CARD DEBUG] Raw OCR text: 'A'
2025-05-01 13:10:49,472 - game_state - INFO - [CARD DEBUG] Spade score: 0, Club score: 0
2025-05-01 13:10:49,472 - game_state - INFO - [CARD DEBUG] Successfully identified card: Ac, is_red=False
2025-05-01 13:10:49,473 - game_state - INFO - [CARD DEBUG] Detected player card: Ac
2025-05-01 13:10:49,473 - game_state - INFO - [CARD DEBUG] Total card-like contours found: 2
2025-05-01 13:10:49,720 - game_state - INFO - [CARD DEBUG] Saved debug image to C:\GitRepositories\poker\debug\player_cards_debug_1746097849.png
2025-05-01 13:10:49,722 - game_state - INFO - [CARD DEBUG] Saved card mask to C:\GitRepositories\poker\debug\player_cards_mask_1746097849.png
2025-05-01 13:10:49,941 - game_state - INFO - Detected pot size: $0.12
2025-05-01 13:10:49,946 - game_state - INFO - Saved pot size debug image to C:\GitRepositories\poker\debug\pot_size_1746097849.png
2025-05-01 13:10:50,471 - game_state - INFO - Saved dealer button debug image to C:\GitRepositories\poker\debug\dealer_button_1746097850.png
2025-05-01 13:10:50,472 - game_state - INFO - Detected position: middle (dealer in middle)
2025-05-01 13:10:50,489 - game_state - INFO - Saved turn detection debug image to C:\GitRepositories\poker\debug\turn_detection_1746097850.png
2025-05-01 13:10:50,507 - game_state - INFO - Saved turn detection debug image to C:\GitRepositories\poker\debug\turn_detection_1746097850.png
2025-05-01 13:10:50,508 - game_state - INFO - Game state detected: 2 player cards, 0 community cards, pot: 0.12, is_our_turn: False
2025-05-01 13:10:50,509 - hand_analyzer - INFO - Hand analysis: high card (strength: 0.36, win probability: 16.33%)
2025-05-01 13:10:50,509 - decision_maker - WARNING - Asked to make decision but it's not our turn
2025-05-01 13:10:50,509 - bet_placer - INFO - Executing action: check
2025-05-01 13:10:52,189 - bet_placer - INFO - Clicked check button at (1096.3016839528411, 1390.480966350693)
2025-05-01 13:10:54,322 - game_state - INFO - Screenshot size: 2560x1600
2025-05-01 13:10:54,325 - game_state - INFO - Target window 'NL Hold' found and visible
2025-05-01 13:10:54,325 - game_state - INFO - Poker window detected by window title
2025-05-01 13:10:54,326 - game_state - INFO - [CARD DEBUG] Screenshot size: 2560x1600
2025-05-01 13:10:54,326 - game_state - INFO - [CARD DEBUG] Player card ROI: x=768, y=960, width=512, height=160
2025-05-01 13:10:54,330 - game_state - INFO - [CARD DEBUG] Found 3 potential card contours
2025-05-01 13:10:54,331 - game_state - INFO - [CARD DEBUG] Contour area: 1.5, min: 2457.6, max: 24576.0
2025-05-01 13:10:54,332 - game_state - INFO - [CARD DEBUG] Contour area: 14688.0, min: 2457.6, max: 24576.0
2025-05-01 13:10:54,332 - game_state - INFO - [CARD DEBUG] Contour aspect ratio: 0.9846153846153847
2025-05-01 13:10:54,337 - game_state - INFO - [CARD DEBUG] Saved card corner image to C:\GitRepositories\poker\debug\card_corner_1746097854.png
2025-05-01 13:10:54,342 - game_state - INFO - [CARD DEBUG] Red pixels: 362, Black pixels: 1
2025-05-01 13:10:54,547 - game_state - INFO - [CARD DEBUG] Raw OCR text: 'Q'
2025-05-01 13:10:54,548 - game_state - INFO - [CARD DEBUG] Heart score: 0, Diamond score: 0
2025-05-01 13:10:54,548 - game_state - INFO - [CARD DEBUG] Successfully identified card: Qd, is_red=True
2025-05-01 13:10:54,548 - game_state - INFO - [CARD DEBUG] Detected player card: Qd
2025-05-01 13:10:54,549 - game_state - INFO - [CARD DEBUG] Contour area: 14991.0, min: 2457.6, max: 24576.0
2025-05-01 13:10:54,549 - game_state - INFO - [CARD DEBUG] Contour aspect ratio: 0.9922480620155039
2025-05-01 13:10:54,551 - game_state - INFO - [CARD DEBUG] Saved card corner image to C:\GitRepositories\poker\debug\card_corner_1746097854.png
2025-05-01 13:10:54,553 - game_state - INFO - [CARD DEBUG] Red pixels: 0, Black pixels: 170
2025-05-01 13:10:54,761 - game_state - INFO - [CARD DEBUG] Raw OCR text: 'A'
2025-05-01 13:10:54,762 - game_state - INFO - [CARD DEBUG] Spade score: 0, Club score: 0
2025-05-01 13:10:54,762 - game_state - INFO - [CARD DEBUG] Successfully identified card: Ac, is_red=False
2025-05-01 13:10:54,762 - game_state - INFO - [CARD DEBUG] Detected player card: Ac
2025-05-01 13:10:54,763 - game_state - INFO - [CARD DEBUG] Total card-like contours found: 2
2025-05-01 13:10:54,968 - game_state - INFO - [CARD DEBUG] Saved debug image to C:\GitRepositories\poker\debug\player_cards_debug_1746097854.png
2025-05-01 13:10:54,972 - game_state - INFO - [CARD DEBUG] Saved card mask to C:\GitRepositories\poker\debug\player_cards_mask_1746097854.png
2025-05-01 13:10:55,200 - game_state - INFO - Detected pot size: $0.12
2025-05-01 13:10:55,208 - game_state - INFO - Saved pot size debug image to C:\GitRepositories\poker\debug\pot_size_1746097855.png
2025-05-01 13:10:55,726 - game_state - INFO - Saved dealer button debug image to C:\GitRepositories\poker\debug\dealer_button_1746097855.png
2025-05-01 13:10:55,726 - game_state - INFO - Detected position: middle (dealer in middle)
2025-05-01 13:10:55,739 - game_state - INFO - Saved turn detection debug image to C:\GitRepositories\poker\debug\turn_detection_1746097855.png
2025-05-01 13:10:55,749 - game_state - INFO - Saved turn detection debug image to C:\GitRepositories\poker\debug\turn_detection_1746097855.png
2025-05-01 13:10:55,750 - game_state - INFO - Game state detected: 2 player cards, 0 community cards, pot: 0.12, is_our_turn: False
2025-05-01 13:10:55,750 - hand_analyzer - INFO - Hand analysis: high card (strength: 0.36, win probability: 16.33%)
2025-05-01 13:10:55,750 - decision_maker - WARNING - Asked to make decision but it's not our turn
2025-05-01 13:10:55,751 - bet_placer - INFO - Executing action: check
2025-05-01 13:10:57,423 - bet_placer - INFO - Clicked check button at (1094.8524126024831, 1394.4276843677947)
2025-05-01 13:10:58,653 - __main__ - INFO - Poker Bot stopped by user
2025-05-01 13:10:58,654 - __main__ - INFO - Poker Bot stopped
